sku,front_image,back_image,card_number,name,set_name,rarity,condition_display,condition_assumption,variant_status,variant_1st_edition,variant_shadowless,variant_unlimited,variant_promo,variant_confidence,variant_note,lp_reference_price,ebay_price,listing_bucket,needs_review,method,first_edition_auto_score,first_edition_auto_template,first_edition_auto_crop,pricing_variant,pricing_search_query,tcgplayer_market_price,tcg_reference_note,ebay_sold_low,ebay_sold_mid,ebay_sold_high,chosen_price,pricing_notes,listing_title,listing_description,comp_titles,comp_prices
B01-C001,cards/binder_1/card_1_front.jpg,cards/binder_1/card_1_back.jpg,54/62,Shellder,Fossil,Common,LP/MP,MP,unlimited_confirmed,NO,NOT_APPLICABLE,YES,NO,HIGH,Manually checked; no 1st Edition stamp found. Treat as Unlimited.,,,bulk,NO,vision_full_card_api_validated,0.1930,B01-C032,output/first_edition_review_crops_clean/B01-C001__Fossil__54_62__Shellder.jpg,Unlimited,Pokemon Shellder 54/62 Fossil Unlimited MP,,NO_TCG_PRICE,,,,,NO_TCG_PRICE,Pokemon Shellder 54/62 Fossil LP/MP,"Shellder 54/62 from Fossil.
Variant: Unlimited.
Condition estimate: LP/MP. See front and back photos for exact condition.
Raw card, not graded.",,
B01-C002,cards/binder_1/card_2_front.jpg,cards/binder_1/card_2_back.jpg,39/75,Houndour,Neo Discovery,Uncommon,LP/MP,MP,first_edition_confirmed,YES,NOT_APPLICABLE,NO,NO,HIGH,Confirmed from top-100 first-edition review PDF; first 16 rows only.,,,single_or_1st_ed_group,NO,vision_full_card_api_validated,0.6068,B01-C057,output/first_edition_review_crops_clean/B01-C002__Neo Discovery__39_75__Houndour.jpg,1st Edition,Pokemon Houndour 39/75 Neo Discovery 1st Edition MP,,,1.00,1.91,2.69,1.91,APIFY_SOLD_COMPS_PRIORITY_CARD,Pokemon Houndour 39/75 Neo Discovery 1st Edition LP/MP,"Houndour 39/75 from Neo Discovery.
Variant: 1st Edition.
Condition estimate: LP/MP. See front and back photos for exact condition.
Raw card, not graded.",2001 Pokemon #39/75 Houndour (Neo Discovery) LP || 2001 Pokemon #39/75 Houndour (Neo Discovery) LP || 2001 Pokemon #39/75 Houndour (Neo Discovery) NM || HOUNDOUR POKEMON NEO DISCOVERY 39/75 UNCOMMON MP UNLIMITED || Houndour 39/75 Unlimited: Neo Discovery Pokemon TCG Light Play || POKEMON NEO DISCOVERY HOUNDOUR 39/75 UNCOMMON UNLIMITED NM -j || Pokemon Neo Discovery Set - Choose Your Card! All Pokemon Available! || Houndour 39/75 Neo Discovery Pokemon Card || Houndour 39/75 Uncommon Neo Discovery Pokemon Unlimited Near Mint || Pokemon Card - Pupitar Neo Discovery 1st Edition 45/75 Uncommon,1.00 | 1.25 | 1.50 | 1.99 | 1.99 | 1.99 | 1.99 | 2.25 | 2.49 | 2.69
B01-C003,cards/binder_1/card_3_front.jpg,cards/binder_1/card_3_back.jpg,54/82,Drowzee,Team Rocket,Common,LP/MP,MP,unlimited_confirmed,NO,NOT_APPLICABLE,YES,NO,HIGH,Manually checked; no 1st Edition stamp found. Treat as Unlimited.,,,bulk,NO,vision_full_card_api_validated,0.2987,B01-C032,output/first_edition_review_crops_clean/B01-C003__Team Rocket__54_82__Drowzee.jpg,Unlimited,Pokemon Drowzee 54/82 Team Rocket Unlimited MP,,NO_TCG_PRICE,,,,,NO_TCG_PRICE,Pokemon Drowzee 54/82 Team Rocket LP/MP,"Drowzee 54/82 from Team Rocket.
Variant: Unlimited.
Condition estimate: LP/MP. See front and back photos for exact condition.
Raw card, not graded.",,
B01-C004,cards/binder_1/card_4_front.jpg,cards/binder_1/card_4_back.jpg,37/62,Graveler,Fossil,Uncommon,LP/MP,MP,unlimited_confirmed,NO,NOT_APPLICABLE,YES,NO,HIGH,Manually checked; no 1st Edition stamp found. Treat as Unlimited.,,,bulk,NO,vision_full_card_api_validated,0.3084,B01-C032,output/first_edition_review_crops_clean/B01-C004__Fossil__37_62__Graveler.jpg,Unlimited,Pokemon Graveler 37/62 Fossil Unlimited MP,,NO_TCG_PRICE,,,,,NO_TCG_PRICE,Pokemon Graveler 37/62 Fossil LP/MP,"Graveler 37/62 from Fossil.
Variant: Unlimited.
Condition estimate: LP/MP. See front and back photos for exact condition.
Raw card, not graded.",,
B01-C005,cards/binder_1/card_5_front.jpg,cards/binder_1/card_5_back.jpg,60/82,Magnemite,Team Rocket,Common,LP/MP,MP,unlimited_confirmed,NO,NOT_APPLICABLE,YES,NO,HIGH,Manually checked; no 1st Edition stamp found. Treat as Unlimited.,,,bulk,NO,vision_full_card_api_validated,-0.0841,B01-C110,output/first_edition_review_crops_clean/B01-C005__Team Rocket__60_82__Magnemite.jpg,Unlimited,Pokemon Magnemite 60/82 Team Rocket Unlimited MP,,NO_TCG_PRICE,,,,,NO_TCG_PRICE,Pokemon Magnemite 60/82 Team Rocket LP/MP,"Magnemite 60/82 from Team Rocket.
Variant: Unlimited.
Condition estimate: LP/MP. See front and back photos for exact condition.
Raw card, not graded.",,
B01-C006,cards/binder_1/card_6_front.jpg,cards/binder_1/card_6_back.jpg,37/62,Graveler,Fossil,Uncommon,LP/MP,MP,unlimited_confirmed,NO,NOT_APPLICABLE,YES,NO,HIGH,Manually checked; no 1st Edition stamp found. Treat as Unlimited.,,,bulk,NO,vision_full_card_api_validated,0.2315,B01-C057,output/first_edition_review_crops_clean/B01-C006__Fossil__37_62__Graveler.jpg,Unlimited,Pokemon Graveler 37/62 Fossil Unlimited MP,,NO_TCG_PRICE,,,,,NO_TCG_PRICE,Pokemon Graveler 37/62 Fossil LP/MP,"Graveler 37/62 from Fossil.
Variant: Unlimited.
Condition estimate: LP/MP. See front and back photos for exact condition.
Raw card, not graded.",,
B01-C007,cards/binder_1/card_7_front.jpg,cards/binder_1/card_7_back.jpg,53/102,Magnemite,Base,Common,LP/MP,MP,base_unlimited_confirmed,NO,NO,YES,NO,HIGH,Base Unlimited confirmed; no Shadowless marker found.,,,bulk,NO,vision_full_card_api_validated,0.0351,B01-C032,output/first_edition_review_crops_clean/B01-C007__Base__53_102__Magnemite.jpg,Unlimited,Pokemon Magnemite 53/102 Base Unlimited MP,0.68,TCGPLAYER_MARKET,,,,0.48,TCG_API_REFERENCE_ESTIMATE_70_PERCENT_FOR_LP_MP,Pokemon Magnemite 53/102 Base LP/MP,"Magnemite 53/102 from Base.
Variant: Unlimited.
Condition estimate: LP/MP. See front and back photos for exact condition.
Raw card, not graded.",,
B01-C008,cards/binder_1/card_8_front.jpg,cards/binder_1/card_8_back.jpg,53/62,Psyduck,Fossil,Common,LP/MP,MP,first_edition_confirmed,YES,NOT_APPLICABLE,NO,NO,HIGH,Confirmed from top-100 first-edition review PDF; first 16 rows only.,,,single_or_1st_ed_group,NO,vision_full_card_api_validated,0.6759,B01-C032,output/first_edition_review_crops_clean/B01-C008__Fossil__53_62__Psyduck.jpg,1st Edition,Pokemon Psyduck 53/62 Fossil 1st Edition MP,,,0.73,1.48,2.15,1.49,APIFY_SOLD_COMPS_PRIORITY_CARD,Pokemon Psyduck 53/62 Fossil 1st Edition LP/MP,"Psyduck 53/62 from Fossil.
Variant: 1st Edition.
Condition estimate: LP/MP. See front and back photos for exact condition.
Raw card, not graded.",Pokemon TCG - Vintage WOTC - Fossil 1st Edition - Pick Your Card Singles: NM-MP || Pokemon Psyduck (53/65) Fossil MP || Psyduck 53/62 Fossil Regular WOTC MP || PSYDUCK - 53/62 - FOSSIL - - MP || Pokémon TCG Psyduck Fossil 1st Edition 53/62 Basic 50 HP Common Regular English || Pokemon TCG Psyduck Fossil Common 53/62 Unlimited || Pokemon TCG Psyduck Fossil Common 53/62 Unlimited || Pokémon Psyduck Fossil 1st Edition Common Regular 53/62 50 HP Basic Card || Psyduck 53/62 Fossil Pokemon Unlimited Lightly Played || Psyduck ~ 1st Edition Fossil Set 53/62 Pokémon TCG 🦆,0.73 | 0.99 | 0.99 | 1.25 | 1.25 | 1.71 | 1.71 | 1.99 | 1.99 | 2.15
B01-C009,cards/binder_1/card_9_front.jpg,cards/binder_1/card_9_back.jpg,53/102,Magnemite,Base,Common,LP/MP,MP,base_unlimited_confirmed,NO,NO,YES,NO,HIGH,Base Unlimited confirmed; no Shadowless marker found.,,,bulk,NO,vision_full_card_api_validated,0.0118,B01-C110,output/first_edition_review_crops_clean/B01-C009__Base__53_102__Magnemite.jpg,Unlimited,Pokemon Magnemite 53/102 Base Unlimited MP,0.68,TCGPLAYER_MARKET,,,,0.48,TCG_API_REFERENCE_ESTIMATE_70_PERCENT_FOR_LP_MP,Pokemon Magnemite 53/102 Base LP/MP,"Magnemite 53/102 from Base.
Variant: Unlimited.
Condition estimate: LP/MP. See front and back photos for exact condition.
Raw card, not graded.",,
B01-C010,cards/binder_1/card_10_front.jpg,cards/binder_1/card_10_back.jpg,58/64,Oddish,Jungle,Common,LP/MP,MP,unlimited_confirmed,NO,NOT_APPLICABLE,YES,NO,HIGH,Manually checked; no 1st Edition stamp found. Treat as Unlimited.,,,bulk,NO,vision_full_card_api_validated,0.2593,B01-C032,output/first_edition_review_crops_clean/B01-C010__Jungle__58_64__Oddish.jpg,Unlimited,Pokemon Oddish 58/64 Jungle Unlimited MP,,NO_TCG_PRICE,,,,,NO_TCG_PRICE,Pokemon Oddish 58/64 Jungle LP/MP,"Oddish 58/64 from Jungle.
Variant: Unlimited.
Condition estimate: LP/MP. See front and back photos for exact condition.
Raw card, not graded.",,
B01-C011,cards/binder_1/card_11_front.jpg,cards/binder_1/card_11_back.jpg,54/102,Metapod,Base,Common,LP/MP,MP,base_unlimited_confirmed,NO,NO,YES,NO,HIGH,Base Unlimited confirmed; no Shadowless marker found.,,,bulk,NO,vision_full_card_api_validated,0.3320,B01-C032,output/first_edition_review_crops_clean/B01-C011__Base__54_102__Metapod.jpg,Unlimited,Pokemon Metapod 54/102 Base Unlimited MP,0.90,TCGPLAYER_MARKET,,,,0.63,TCG_API_REFERENCE_ESTIMATE_70_PERCENT_FOR_LP_MP,Pokemon Metapod 54/102 Base LP/MP,"Metapod 54/102 from Base.
Variant: Unlimited.
Condition estimate: LP/MP. See front and back photos for exact condition.
Raw card, not graded.",,
B01-C012,cards/binder_1/card_12_front.jpg,cards/binder_1/card_12_back.jpg,34/62,Golbat,Fossil,Uncommon,LP/MP,MP,unlimited_confirmed,NO,NOT_APPLICABLE,YES,NO,HIGH,Manually checked; no 1st Edition stamp found. Treat as Unlimited.,,,bulk,NO,vision_full_card_api_validated,0.2241,B01-C032,output/first_edition_review_crops_clean/B01-C012__Fossil__34_62__Golbat.jpg,Unlimited,Pokemon Golbat 34/62 Fossil Unlimited MP,,NO_TCG_PRICE,,,,,NO_TCG_PRICE,Pokemon Golbat 34/62 Fossil LP/MP,"Golbat 34/62 from Fossil.
Variant: Unlimited.
Condition estimate: LP/MP. See front and back photos for exact condition.
Raw card, not graded.",,
B01-C013,cards/binder_1/card_13_front.jpg,cards/binder_1/card_13_back.jpg,69/102,Weedle,Base,Common,LP/MP,MP,base_unlimited_confirmed,NO,NO,YES,NO,HIGH,Base Unlimited confirmed; no Shadowless marker found.,,,bulk,NO,vision_full_card_api_validated,0.3293,B01-C032,output/first_edition_review_crops_clean/B01-C013__Base__69_102__Weedle.jpg,Unlimited,Pokemon Weedle 69/102 Base Unlimited MP,0.57,TCGPLAYER_MARKET,,,,0.40,TCG_API_REFERENCE_ESTIMATE_70_PERCENT_FOR_LP_MP,Pokemon Weedle 69/102 Base LP/MP,"Weedle 69/102 from Base.
Variant: Unlimited.
Condition estimate: LP/MP. See front and back photos for exact condition.
Raw card, not graded.",,
B01-C014,cards/binder_1/card_14_front.jpg,cards/binder_1/card_14_back.jpg,48/62,Grimer,Fossil,Common,LP/MP,MP,unlimited_confirmed,NO,NOT_APPLICABLE,YES,NO,HIGH,Manually checked; no 1st Edition stamp found. Treat as Unlimited.,,,bulk,NO,vision_full_card_api_validated,0.3098,B01-C032,output/first_edition_review_crops_clean/B01-C014__Fossil__48_62__Grimer.jpg,Unlimited,Pokemon Grimer 48/62 Fossil Unlimited MP,,NO_TCG_PRICE,,,,,NO_TCG_PRICE,Pokemon Grimer 48/62 Fossil LP/MP,"Grimer 48/62 from Fossil.
Variant: Unlimited.
Condition estimate: LP/MP. See front and back photos for exact condition.
Raw card, not graded.",,
B01-C015,cards/binder_1/card_15_front.jpg,cards/binder_1/card_15_back.jpg,58/64,Oddish,Jungle,Common,LP/MP,MP,unlimited_confirmed,NO,NOT_APPLICABLE,YES,NO,HIGH,Manually checked; no 1st Edition stamp found. Treat as Unlimited.,,,bulk,NO,vision_full_card_api_validated,0.2842,B01-C032,output/first_edition_review_crops_clean/B01-C015__Jungle__58_64__Oddish.jpg,Unlimited,Pokemon Oddish 58/64 Jungle Unlimited MP,,NO_TCG_PRICE,,,,,NO_TCG_PRICE,Pokemon Oddish 58/64 Jungle LP/MP,"Oddish 58/64 from Jungle.
Variant: Unlimited.
Condition estimate: LP/MP. See front and back photos for exact condition.
Raw card, not graded.",,
B01-C016,cards/binder_1/card_16_front.jpg,cards/binder_1/card_16_back.jpg,41/64,Parasect,Jungle,Uncommon,LP/MP,MP,unlimited_confirmed,NO,NOT_APPLICABLE,YES,NO,HIGH,Manually checked; no 1st Edition stamp found. Treat as Unlimited.,,,bulk,NO,vision_full_card_api_validated,0.3112,B01-C057,output/first_edition_review_crops_clean/B01-C016__Jungle__41_64__Parasect.jpg,Unlimited,Pokemon Parasect 41/64 Jungle Unlimited MP,,NO_TCG_PRICE,,,,,NO_TCG_PRICE,Pokemon Parasect 41/64 Jungle LP/MP,"Parasect 41/64 from Jungle.
Variant: Unlimited.
Condition estimate: LP/MP. See front and back photos for exact condition.
Raw card, not graded.",,
B01-C017,cards/binder_1/card_17_front.jpg,cards/binder_1/card_17_back.jpg,48/64,Weepinbell,Jungle,Uncommon,LP/MP,MP,unlimited_confirmed,NO,NOT_APPLICABLE,YES,NO,HIGH,Manually checked; no 1st Edition stamp found. Treat as Unlimited.,,,bulk,NO,vision_full_card_api_validated,0.2642,B01-C110,output/first_edition_review_crops_clean/B01-C017__Jungle__48_64__Weepinbell.jpg,Unlimited,Pokemon Weepinbell 48/64 Jungle Unlimited MP,,NO_TCG_PRICE,,,,,NO_TCG_PRICE,Pokemon Weepinbell 48/64 Jungle LP/MP,"Weepinbell 48/64 from Jungle.
Variant: Unlimited.
Condition estimate: LP/MP. See front and back photos for exact condition.
Raw card, not graded.",,
B01-C018,cards/binder_1/card_18_front.jpg,cards/binder_1/card_18_back.jpg,31/62,Arbok,Fossil,Uncommon,LP/MP,MP,unlimited_confirmed,NO,NOT_APPLICABLE,YES,NO,HIGH,Manually checked; no 1st Edition stamp found. Treat as Unlimited.,,,bulk,NO,vision_full_card_api_validated,0.3286,B01-C032,output/first_edition_review_crops_clean/B01-C018__Fossil__31_62__Arbok.jpg,Unlimited,Pokemon Arbok 31/62 Fossil Unlimited MP,,NO_TCG_PRICE,,,,,NO_TCG_PRICE,Pokemon Arbok 31/62 Fossil LP/MP,"Arbok 31/62 from Fossil.
Variant: Unlimited.
Condition estimate: LP/MP. See front and back photos for exact condition.
Raw card, not graded.",,
B01-C019,cards/binder_1/card_19_front.jpg,cards/binder_1/card_19_back.jpg,45/102,Caterpie,Base,Common,LP/MP,MP,base_unlimited_confirmed,NO,NO,YES,NO,HIGH,Base Unlimited confirmed; no Shadowless marker found.,,,bulk,NO,vision_full_card_api_validated,0.3931,B01-C057,output/first_edition_review_crops_clean/B01-C019__Base__45_102__Caterpie.jpg,Unlimited,Pokemon Caterpie 45/102 Base Unlimited MP,1.05,TCGPLAYER_MARKET,,,,0.73,TCG_API_REFERENCE_ESTIMATE_70_PERCENT_FOR_LP_MP,Pokemon Caterpie 45/102 Base LP/MP,"Caterpie 45/102 from Base.
Variant: Unlimited.
Condition estimate: LP/MP. See front and back photos for exact condition.
Raw card, not graded.",,
B01-C020,cards/binder_1/card_20_front.jpg,cards/binder_1/card_20_back.jpg,56/64,Meowth,Jungle,Common,LP/MP,MP,unlimited_confirmed,NO,NOT_APPLICABLE,YES,NO,HIGH,Manually checked; no 1st Edition stamp found. Treat as Unlimited.,,,bulk,NO,vision_full_card_api_validated,-0.1712,B01-C032,output/first_edition_review_crops_clean/B01-C020__Jungle__56_64__Meowth.jpg,Unlimited,Pokemon Meowth 56/64 Jungle Unlimited MP,,NO_TCG_PRICE,,,,,NO_TCG_PRICE,Pokemon Meowth 56/64 Jungle LP/MP,"Meowth 56/64 from Jungle.
Variant: Unlimited.
Condition estimate: LP/MP. See front and back photos for exact condition.
Raw card, not graded.",,
B01-C021,cards/binder_1/card_21_front.jpg,cards/binder_1/card_21_back.jpg,50/64,Cubone,Jungle,Common,LP/MP,MP,unlimited_confirmed,NO,NOT_APPLICABLE,YES,NO,HIGH,Manually checked; no 1st Edition stamp found. Treat as Unlimited.,,,bulk,NO,vision_full_card_api_validated,0.2631,B01-C057,output/first_edition_review_crops_clean/B01-C021__Jungle__50_64__Cubone.jpg,Unlimited,Pokemon Cubone 50/64 Jungle Unlimited MP,,NO_TCG_PRICE,,,,,NO_TCG_PRICE,Pokemon Cubone 50/64 Jungle LP/MP,"Cubone 50/64 from Jungle.
Variant: Unlimited.
Condition estimate: LP/MP. See front and back photos for exact condition.
Raw card, not graded.",,
B01-C022,cards/binder_1/card_22_front.jpg,cards/binder_1/card_22_back.jpg,32/62,Cloyster,Fossil,Uncommon,LP/MP,MP,unlimited_confirmed,NO,NOT_APPLICABLE,YES,NO,HIGH,Manually checked; no 1st Edition stamp found. Treat as Unlimited.,,,bulk,NO,vision_full_card_api_validated,0.3689,B01-C057,output/first_edition_review_crops_clean/B01-C022__Fossil__32_62__Cloyster.jpg,Unlimited,Pokemon Cloyster 32/62 Fossil Unlimited MP,,NO_TCG_PRICE,,,,,NO_TCG_PRICE,Pokemon Cloyster 32/62 Fossil LP/MP,"Cloyster 32/62 from Fossil.
Variant: Unlimited.
Condition estimate: LP/MP. See front and back photos for exact condition.
Raw card, not graded.",,
B01-C023,cards/binder_1/card_23_front.jpg,cards/binder_1/card_23_back.jpg,52/64,Exeggcute,Jungle,Common,LP/MP,MP,unlimited_confirmed,NO,NOT_APPLICABLE,YES,NO,HIGH,Manually checked; no 1st Edition stamp found. Treat as Unlimited.,,,bulk,NO,vision_full_card_api_validated,0.3338,B01-C057,output/first_edition_review_crops_clean/B01-C023__Jungle__52_64__Exeggcute.jpg,Unlimited,Pokemon Exeggcute 52/64 Jungle Unlimited MP,,NO_TCG_PRICE,,,,,NO_TCG_PRICE,Pokemon Exeggcute 52/64 Jungle LP/MP,"Exeggcute 52/64 from Jungle.
Variant: Unlimited.
Condition estimate: LP/MP. See front and back photos for exact condition.
Raw card, not graded.",,
B01-C024,cards/binder_1/card_24_front.jpg,cards/binder_1/card_24_back.jpg,37/64,Gloom,Jungle,Uncommon,LP/MP,MP,unlimited_confirmed,NO,NOT_APPLICABLE,YES,NO,HIGH,Manually checked; no 1st Edition stamp found. Treat as Unlimited.,,,bulk,NO,vision_full_card_api_validated,0.3104,B01-C110,output/first_edition_review_crops_clean/B01-C024__Jungle__37_64__Gloom.jpg,Unlimited,Pokemon Gloom 37/64 Jungle Unlimited MP,,NO_TCG_PRICE,,,,,NO_TCG_PRICE,Pokemon Gloom 37/64 Jungle LP/MP,"Gloom 37/64 from Jungle.
Variant: Unlimited.
Condition estimate: LP/MP. See front and back photos for exact condition.
Raw card, not graded.",,
B01-C025,cards/binder_1/card_25_front.jpg,cards/binder_1/card_25_back.jpg,53/62,Psyduck,Fossil,Common,LP/MP,MP,first_edition_confirmed,YES,NOT_APPLICABLE,NO,NO,HIGH,Confirmed from top-100 first-edition review PDF; first 16 rows only.,,,single_or_1st_ed_group,NO,vision_full_card_api_validated,0.6591,B01-C032,output/first_edition_review_crops_clean/B01-C025__Fossil__53_62__Psyduck.jpg,1st Edition,Pokemon Psyduck 53/62 Fossil 1st Edition MP,,,0.73,1.61,2.56,1.61,APIFY_SOLD_COMPS_PRIORITY_CARD,Pokemon Psyduck 53/62 Fossil 1st Edition LP/MP,"Psyduck 53/62 from Fossil.
Variant: 1st Edition.
Condition estimate: LP/MP. See front and back photos for exact condition.
Raw card, not graded.",Pokemon TCG - Vintage WOTC - Fossil 1st Edition - Pick Your Card Singles: NM-MP || Psyduck Unlimited Common Fossil 53/62 LP || Psyduck 53/62 Fossil Regular || Pokemon Psyduck (53/65) Fossil MP || Psyduck 53/62 Pokemon Common Fossil Card LP || Psyduck Common Fossil 53/62 DMG || Pokemon Psyduck 53/62 Fossil Set (1999) - NM || Psyduck - 53/62 - Common - Unlimited Edition Heavily Played Fossil || Psyduck - 53/62 - Common - 1st Edition - Fossil #53 Pokemon TCG EN || Psyduck Common Fossil 53/62 MP,0.73 | 0.73 | 0.95 | 0.99 | 1.49 | 1.69 | 2.20 | 2.26 | 2.50 | 2.56
B01-C026,cards/binder_1/card_26_front.jpg,cards/binder_1/card_26_back.jpg,49/62,Horsea,Fossil,Common,LP/MP,MP,unlimited_confirmed,NO,NOT_APPLICABLE,YES,NO,HIGH,Manually checked; no 1st Edition stamp found. Treat as Unlimited.,,,bulk,NO,vision_full_card_api_validated,0.2405,B01-C057,output/first_edition_review_crops_clean/B01-C026__Fossil__49_62__Horsea.jpg,Unlimited,Pokemon Horsea 49/62 Fossil Unlimited MP,,NO_TCG_PRICE,,,,,NO_TCG_PRICE,Pokemon Horsea 49/62 Fossil LP/MP,"Horsea 49/62 from Fossil.
Variant: Unlimited.
Condition estimate: LP/MP. See front and back photos for exact condition.
Raw card, not graded.",,
B01-C027,cards/binder_1/card_27_front.jpg,cards/binder_1/card_27_back.jpg,29/102,Haunter,Base,Uncommon,LP/MP,MP,base_unlimited_confirmed,NO,NO,YES,NO,HIGH,Base Unlimited confirmed; no Shadowless marker found.,,,bulk,NO,vision_full_card_api_validated,0.2475,B01-C057,output/first_edition_review_crops_clean/B01-C027__Base__29_102__Haunter.jpg,Unlimited,Pokemon Haunter 29/102 Base Unlimited MP,1.69,TCGPLAYER_MARKET,,,,1.18,TCG_API_REFERENCE_ESTIMATE_70_PERCENT_FOR_LP_MP,Pokemon Haunter 29/102 Base LP/MP,"Haunter 29/102 from Base.
Variant: Unlimited.
Condition estimate: LP/MP. See front and back photos for exact condition.
Raw card, not graded.",,
B01-C028,cards/binder_1/card_28_front.jpg,cards/binder_1/card_28_back.jpg,31/102,Jynx,Base,Uncommon,LP/MP,MP,base_unlimited_confirmed,NO,NO,YES,NO,HIGH,Base Unlimited confirmed; no Shadowless marker found.,,,bulk,NO,vision_full_card_api_validated,0.3224,B01-C032,output/first_edition_review_crops_clean/B01-C028__Base__31_102__Jynx.jpg,Unlimited,Pokemon Jynx 31/102 Base Unlimited MP,0.99,TCGPLAYER_MARKET,,,,0.69,TCG_API_REFERENCE_ESTIMATE_70_PERCENT_FOR_LP_MP,Pokemon Jynx 31/102 Base LP/MP,"Jynx 31/102 from Base.
Variant: Unlimited.
Condition estimate: LP/MP. See front and back photos for exact condition.
Raw card, not graded.",,
B01-C029,cards/binder_1/card_29_front.jpg,cards/binder_1/card_29_back.jpg,67/130,Bulbasaur,Base Set 2,Common,LP/MP,MP,unlimited_or_normal,NO,NOT_APPLICABLE,YES,NO,MEDIUM,No special 1st Edition/Shadowless variant expected.,,,small_lot_or_single,NO,vision_full_card_api_validated,,,,Unlimited,Pokemon Bulbasaur 67/130 Base Set 2 Unlimited MP,4.39,TCGPLAYER_MARKET,,,,3.07,TCG_API_REFERENCE_ESTIMATE_70_PERCENT_FOR_LP_MP,Pokemon Bulbasaur 67/130 Base Set 2 LP/MP,"Bulbasaur 67/130 from Base Set 2.
Variant: Unlimited.
Condition estimate: LP/MP. See front and back photos for exact condition.
Raw card, not graded.",,
B01-C030,cards/binder_1/card_30_front.jpg,cards/binder_1/card_30_back.jpg,35/62,Golduck,Fossil,Uncommon,LP/MP,MP,unlimited_confirmed,NO,NOT_APPLICABLE,YES,NO,HIGH,Manually checked; no 1st Edition stamp found. Treat as Unlimited.,,,bulk,NO,vision_full_card_api_validated,0.2504,B01-C057,output/first_edition_review_crops_clean/B01-C030__Fossil__35_62__Golduck.jpg,Unlimited,Pokemon Golduck 35/62 Fossil Unlimited MP,,NO_TCG_PRICE,,,,,NO_TCG_PRICE,Pokemon Golduck 35/62 Fossil LP/MP,"Golduck 35/62 from Fossil.
Variant: Unlimited.
Condition estimate: LP/MP. See front and back photos for exact condition.
Raw card, not graded.",,
B01-C031,cards/binder_1/card_31_front.jpg,cards/binder_1/card_31_back.jpg,47/62,Geodude,Fossil,Common,LP/MP,MP,unlimited_confirmed,NO,NOT_APPLICABLE,YES,NO,HIGH,Manually checked; no 1st Edition stamp found. Treat as Unlimited.,,,bulk,NO,vision_full_card_api_validated,0.2576,B01-C032,output/first_edition_review_crops_clean/B01-C031__Fossil__47_62__Geodude.jpg,Unlimited,Pokemon Geodude 47/62 Fossil Unlimited MP,,NO_TCG_PRICE,,,,,NO_TCG_PRICE,Pokemon Geodude 47/62 Fossil LP/MP,"Geodude 47/62 from Fossil.
Variant: Unlimited.
Condition estimate: LP/MP. See front and back photos for exact condition.
Raw card, not graded.",,
B01-C032,cards/binder_1/card_32_front.jpg,cards/binder_1/card_32_back.jpg,48/64,Weepinbell,Jungle,Uncommon,LP/MP,MP,first_edition_confirmed,YES,NOT_APPLICABLE,NO,NO,HIGH,Confirmed from top-100 first-edition review PDF; first 16 rows only.,,,single_or_1st_ed_group,NO,vision_full_card_api_validated,1.0000,B01-C032,output/first_edition_review_crops_clean/B01-C032__Jungle__48_64__Weepinbell.jpg,1st Edition,Pokemon Weepinbell 48/64 Jungle 1st Edition MP,,,0.73,1.26,1.74,1.49,APIFY_SOLD_COMPS_PRIORITY_CARD,Pokemon Weepinbell 48/64 Jungle 1st Edition LP/MP,"Weepinbell 48/64 from Jungle.
Variant: 1st Edition.
Condition estimate: LP/MP. See front and back photos for exact condition.
Raw card, not graded.","Pokemon TCG  - Jungle 1st ed. (1999) Pick Your Card, Complete Your Set NM-HP || 1999 - Pokemon TCG - Jungle Set - Pick Your WOTC Card (s) - 1st Ed & Unlimited || 1999 Pokemon Jungle Set - Choose Your Card - 1st Edition & Unlimited Available || 💥 Weepinbell 48/64 Jungle 1st Edition Stamp Non Holo Foil Pokemon 1999 Vintage || WEEPINBELL 1999 POKEMON JUNGLE 1ST EDITION #48/64 Q3478 || Weepinbell 48/64 Pokemon Jungle 2 || 1999 Pokemon Jungle 1st Edition #48/64 Weepinbell NM || Weepinbell 48/64 Pokemon Card TCG Jungle Unlimited Non Holo 1999 WOTC Near Mint || 4 x Weepinbell 48/64 - Pokemon Jungle || WEEPINBELL 48/64 UNCOMMON JUNGLE POKEMON UNLIMITED MP",0.73 | 0.99 | 0.99 | 1.25 | 1.25 | 1.26 | 1.29 | 1.49 | 1.58 | 1.74
B01-C033,cards/binder_1/card_33_front.jpg,cards/binder_1/card_33_back.jpg,58/64,Oddish,Jungle,Common,LP/MP,MP,unlimited_confirmed,NO,NOT_APPLICABLE,YES,NO,HIGH,Manually checked; no 1st Edition stamp found. Treat as Unlimited.,,,bulk,NO,vision_full_card_api_validated,0.3250,B01-C032,output/first_edition_review_crops_clean/B01-C033__Jungle__58_64__Oddish.jpg,Unlimited,Pokemon Oddish 58/64 Jungle Unlimited MP,,NO_TCG_PRICE,,,,,NO_TCG_PRICE,Pokemon Oddish 58/64 Jungle LP/MP,"Oddish 58/64 from Jungle.
Variant: Unlimited.
Condition estimate: LP/MP. See front and back photos for exact condition.
Raw card, not graded.",,
B01-C034,cards/binder_1/card_34_front.jpg,cards/binder_1/card_34_back.jpg,58/64,Oddish,Jungle,Common,LP/MP,MP,unlimited_confirmed,NO,NOT_APPLICABLE,YES,NO,HIGH,Manually checked; no 1st Edition stamp found. Treat as Unlimited.,,,bulk,NO,vision_full_card_api_validated,0.2554,B01-C110,output/first_edition_review_crops_clean/B01-C034__Jungle__58_64__Oddish.jpg,Unlimited,Pokemon Oddish 58/64 Jungle Unlimited MP,,NO_TCG_PRICE,,,,,NO_TCG_PRICE,Pokemon Oddish 58/64 Jungle LP/MP,"Oddish 58/64 from Jungle.
Variant: Unlimited.
Condition estimate: LP/MP. See front and back photos for exact condition.
Raw card, not graded.",,
B01-C035,cards/binder_1/card_35_front.jpg,cards/binder_1/card_35_back.jpg,46/62,Ekans,Fossil,Common,LP/MP,MP,unlimited_confirmed,NO,NOT_APPLICABLE,YES,NO,HIGH,Manually checked; no 1st Edition stamp found. Treat as Unlimited.,,,bulk,NO,vision_full_card_api_validated,0.3872,B01-C032,output/first_edition_review_crops_clean/B01-C035__Fossil__46_62__Ekans.jpg,Unlimited,Pokemon Ekans 46/62 Fossil Unlimited MP,,NO_TCG_PRICE,,,,,NO_TCG_PRICE,Pokemon Ekans 46/62 Fossil LP/MP,"Ekans 46/62 from Fossil.
Variant: Unlimited.
Condition estimate: LP/MP. See front and back photos for exact condition.
Raw card, not graded.",,
B01-C036,cards/binder_1/card_36_front.jpg,cards/binder_1/card_36_back.jpg,50/64,Cubone,Jungle,Common,LP/MP,MP,unlimited_confirmed,NO,NOT_APPLICABLE,YES,NO,HIGH,Manually checked; no 1st Edition stamp found. Treat as Unlimited.,,,bulk,NO,vision_full_card_api_validated,0.2817,B01-C032,output/first_edition_review_crops_clean/B01-C036__Jungle__50_64__Cubone.jpg,Unlimited,Pokemon Cubone 50/64 Jungle Unlimited MP,,NO_TCG_PRICE,,,,,NO_TCG_PRICE,Pokemon Cubone 50/64 Jungle LP/MP,"Cubone 50/64 from Jungle.
Variant: Unlimited.
Condition estimate: LP/MP. See front and back photos for exact condition.
Raw card, not graded.",,
B01-C037,cards/binder_1/card_37_front.jpg,cards/binder_1/card_37_back.jpg,62/82,Meowth,Team Rocket,Common,LP/MP,MP,unlimited_confirmed,NO,NOT_APPLICABLE,YES,NO,HIGH,Manually checked; no 1st Edition stamp found. Treat as Unlimited.,,,bulk,NO,vision_full_card_api_validated,-0.0976,B01-C032,output/first_edition_review_crops_clean/B01-C037__Team Rocket__62_82__Meowth.jpg,Unlimited,Pokemon Meowth 62/82 Team Rocket Unlimited MP,,NO_TCG_PRICE,,,,,NO_TCG_PRICE,Pokemon Meowth 62/82 Team Rocket LP/MP,"Meowth 62/82 from Team Rocket.
Variant: Unlimited.
Condition estimate: LP/MP. See front and back photos for exact condition.
Raw card, not graded.",,
B01-C038,cards/binder_1/card_38_front.jpg,cards/binder_1/card_38_back.jpg,68/130,Caterpie,Base Set 2,Common,LP/MP,MP,unlimited_or_normal,NO,NOT_APPLICABLE,YES,NO,MEDIUM,No special 1st Edition/Shadowless variant expected.,,,bulk,NO,vision_full_card_api_validated,,,,Unlimited,Pokemon Caterpie 68/130 Base Set 2 Unlimited MP,0.71,TCGPLAYER_MARKET,,,,0.50,TCG_API_REFERENCE_ESTIMATE_70_PERCENT_FOR_LP_MP,Pokemon Caterpie 68/130 Base Set 2 LP/MP,"Caterpie 68/130 from Base Set 2.
Variant: Unlimited.
Condition estimate: LP/MP. See front and back photos for exact condition.
Raw card, not graded.",,
B01-C039,cards/binder_1/card_39_front.jpg,cards/binder_1/card_39_back.jpg,57/62,Zubat,Fossil,Common,LP/MP,MP,unlimited_confirmed,NO,NOT_APPLICABLE,YES,NO,HIGH,Manually checked; no 1st Edition stamp found. Treat as Unlimited.,,,bulk,NO,vision_full_card_api_validated,0.2700,B01-C032,output/first_edition_review_crops_clean/B01-C039__Fossil__57_62__Zubat.jpg,Unlimited,Pokemon Zubat 57/62 Fossil Unlimited MP,,NO_TCG_PRICE,,,,,NO_TCG_PRICE,Pokemon Zubat 57/62 Fossil LP/MP,"Zubat 57/62 from Fossil.
Variant: Unlimited.
Condition estimate: LP/MP. See front and back photos for exact condition.
Raw card, not graded.",,
B01-C040,cards/binder_1/card_40_front.jpg,cards/binder_1/card_40_back.jpg,35/102,Magikarp,Base,Uncommon,LP/MP,MP,base_unlimited_confirmed,NO,NO,YES,NO,HIGH,Base Unlimited confirmed; no Shadowless marker found.,,,small_lot_or_single,NO,vision_full_card_api_validated,0.2220,B01-C032,output/first_edition_review_crops_clean/B01-C040__Base__35_102__Magikarp.jpg,Unlimited,Pokemon Magikarp 35/102 Base Unlimited MP,3.86,TCGPLAYER_MARKET,,,,2.70,TCG_API_REFERENCE_ESTIMATE_70_PERCENT_FOR_LP_MP,Pokemon Magikarp 35/102 Base LP/MP,"Magikarp 35/102 from Base.
Variant: Unlimited.
Condition estimate: LP/MP. See front and back photos for exact condition.
Raw card, not graded.",,
B01-C041,cards/binder_1/card_41_front.jpg,cards/binder_1/card_41_back.jpg,61/82,Mankey,Team Rocket,Common,LP/MP,MP,unlimited_confirmed,NO,NOT_APPLICABLE,YES,NO,HIGH,Manually checked; no 1st Edition stamp found. Treat as Unlimited.,,,bulk,NO,vision_full_card_api_validated,0.3315,B01-C110,output/first_edition_review_crops_clean/B01-C041__Team Rocket__61_82__Mankey.jpg,Unlimited,Pokemon Mankey 61/82 Team Rocket Unlimited MP,,NO_TCG_PRICE,,,,,NO_TCG_PRICE,Pokemon Mankey 61/82 Team Rocket LP/MP,"Mankey 61/82 from Team Rocket.
Variant: Unlimited.
Condition estimate: LP/MP. See front and back photos for exact condition.
Raw card, not graded.",,
B01-C042,cards/binder_1/card_42_front.jpg,cards/binder_1/card_42_back.jpg,41/62,Sandslash,Fossil,Uncommon,LP/MP,MP,unlimited_confirmed,NO,NOT_APPLICABLE,YES,NO,HIGH,Manually checked; no 1st Edition stamp found. Treat as Unlimited.,,,bulk,NO,vision_full_card_api_validated,0.2206,B01-C032,output/first_edition_review_crops_clean/B01-C042__Fossil__41_62__Sandslash.jpg,Unlimited,Pokemon Sandslash 41/62 Fossil Unlimited MP,,NO_TCG_PRICE,,,,,NO_TCG_PRICE,Pokemon Sandslash 41/62 Fossil LP/MP,"Sandslash 41/62 from Fossil.
Variant: Unlimited.
Condition estimate: LP/MP. See front and back photos for exact condition.
Raw card, not graded.",,
B01-C043,cards/binder_1/card_43_front.jpg,cards/binder_1/card_43_back.jpg,51/62,Krabby,Fossil,Common,LP/MP,MP,unlimited_confirmed,NO,NOT_APPLICABLE,YES,NO,HIGH,Manually checked; no 1st Edition stamp found. Treat as Unlimited.,,,bulk,NO,vision_full_card_api_validated,0.2696,B01-C032,output/first_edition_review_crops_clean/B01-C043__Fossil__51_62__Krabby.jpg,Unlimited,Pokemon Krabby 51/62 Fossil Unlimited MP,,NO_TCG_PRICE,,,,,NO_TCG_PRICE,Pokemon Krabby 51/62 Fossil LP/MP,"Krabby 51/62 from Fossil.
Variant: Unlimited.
Condition estimate: LP/MP. See front and back photos for exact condition.
Raw card, not graded.",,
B01-C044,cards/binder_1/card_44_front.jpg,cards/binder_1/card_44_back.jpg,79/130,Magnemite,Base Set 2,Common,LP/MP,MP,unlimited_or_normal,NO,NOT_APPLICABLE,YES,NO,MEDIUM,No special 1st Edition/Shadowless variant expected.,,,bulk,NO,vision_full_card_api_validated,,,,Unlimited,Pokemon Magnemite 79/130 Base Set 2 Unlimited MP,0.49,TCGPLAYER_MARKET,,,,0.34,TCG_API_REFERENCE_ESTIMATE_70_PERCENT_FOR_LP_MP,Pokemon Magnemite 79/130 Base Set 2 LP/MP,"Magnemite 79/130 from Base Set 2.
Variant: Unlimited.
Condition estimate: LP/MP. See front and back photos for exact condition.
Raw card, not graded.",,
B01-C045,cards/binder_1/card_45_front.jpg,cards/binder_1/card_45_back.jpg,59/64,Paras,Jungle,Common,LP/MP,MP,unlimited_confirmed,NO,NOT_APPLICABLE,YES,NO,HIGH,Manually checked; no 1st Edition stamp found. Treat as Unlimited.,,,bulk,NO,fixed_from_saved_vision_or_visual_confirmation,0.3010,B01-C032,output/first_edition_review_crops_clean/B01-C045__Jungle__59_64__Paras.jpg,Unlimited,Pokemon Paras 59/64 Jungle Unlimited MP,,NO_TCG_PRICE,,,,,NO_TCG_PRICE,Pokemon Paras 59/64 Jungle LP/MP,"Paras 59/64 from Jungle.
Variant: Unlimited.
Condition estimate: LP/MP. See front and back photos for exact condition.
Raw card, not graded.",,
B01-C046,cards/binder_1/card_46_front.jpg,cards/binder_1/card_46_back.jpg,59/64,Paras,Jungle,Common,LP/MP,MP,first_edition_confirmed,YES,NOT_APPLICABLE,NO,NO,HIGH,Confirmed from top-100 first-edition review PDF; first 16 rows only.,,,single_or_1st_ed_group,NO,vision_full_card_api_validated,0.8134,B01-C032,output/first_edition_review_crops_clean/B01-C046__Jungle__59_64__Paras.jpg,1st Edition,Pokemon Paras 59/64 Jungle 1st Edition MP,,,0.73,1.01,1.25,1.49,APIFY_SOLD_COMPS_PRIORITY_CARD,Pokemon Paras 59/64 Jungle 1st Edition LP/MP,"Paras 59/64 from Jungle.
Variant: 1st Edition.
Condition estimate: LP/MP. See front and back photos for exact condition.
Raw card, not graded.","Pokemon TCG  - Jungle 1st ed. (1999) Pick Your Card, Complete Your Set NM-HP || Pokemon Jungle First Edition #59/64 Paras Lightly played || 1999 - Pokemon TCG - Jungle Set - Pick Your WOTC Card (s) - 1st Ed & Unlimited || Jungle Set Loose Pokemon Cards - LP to MP Unlimited || Paras 59/64 Jungle 1st Edition Pokemon Card || Paras 59/64 Jungle Regular || Pokemon Paras 59/64 Common LP || Paras 59/64 Common Jungle Pokemon Lightly Played || Paras Common Jungle 59/64 DMG 1st Edition || Pokemon Tcg Paras [1st Edition] #59 Pokemon Jungle HP",0.73 | 0.99 | 0.99 | 0.99 | 1.00 | 1.00 | 1.00 | 1.05 | 1.10 | 1.25
B01-C047,cards/binder_1/card_47_front.jpg,cards/binder_1/card_47_back.jpg,51/62,Krabby,Fossil,Common,LP/MP,MP,unlimited_confirmed,NO,NOT_APPLICABLE,YES,NO,HIGH,Manually checked; no 1st Edition stamp found. Treat as Unlimited.,,,bulk,NO,vision_full_card_api_validated,0.2628,B01-C032,output/first_edition_review_crops_clean/B01-C047__Fossil__51_62__Krabby.jpg,Unlimited,Pokemon Krabby 51/62 Fossil Unlimited MP,,NO_TCG_PRICE,,,,,NO_TCG_PRICE,Pokemon Krabby 51/62 Fossil LP/MP,"Krabby 51/62 from Fossil.
Variant: Unlimited.
Condition estimate: LP/MP. See front and back photos for exact condition.
Raw card, not graded.",,
B01-C048,cards/binder_1/card_48_front.jpg,cards/binder_1/card_48_back.jpg,50/62,Kabuto,Fossil,Common,LP/MP,MP,unlimited_confirmed,NO,NOT_APPLICABLE,YES,NO,HIGH,Manually checked; no 1st Edition stamp found. Treat as Unlimited.,,,bulk,NO,vision_full_card_api_validated,0.3046,B01-C057,output/first_edition_review_crops_clean/B01-C048__Fossil__50_62__Kabuto.jpg,Unlimited,Pokemon Kabuto 50/62 Fossil Unlimited MP,,NO_TCG_PRICE,,,,,NO_TCG_PRICE,Pokemon Kabuto 50/62 Fossil LP/MP,"Kabuto 50/62 from Fossil.
Variant: Unlimited.
Condition estimate: LP/MP. See front and back photos for exact condition.
Raw card, not graded.",,
B01-C049,cards/binder_1/card_49_front.jpg,cards/binder_1/card_49_back.jpg,44/102,Bulbasaur,Base,Common,LP/MP,MP,base_unlimited_confirmed,NO,NO,YES,NO,HIGH,Base Unlimited confirmed; no Shadowless marker found.,,,bulk,NO,vision_full_card_api_validated,0.4558,B01-C032,output/first_edition_review_crops_clean/B01-C049__Base__44_102__Bulbasaur.jpg,Unlimited,Pokemon Bulbasaur 44/102 Base Unlimited MP,2.45,TCGPLAYER_MARKET,,,,1.72,TCG_API_REFERENCE_ESTIMATE_70_PERCENT_FOR_LP_MP,Pokemon Bulbasaur 44/102 Base LP/MP,"Bulbasaur 44/102 from Base.
Variant: Unlimited.
Condition estimate: LP/MP. See front and back photos for exact condition.
Raw card, not graded.",,
B01-C050,cards/binder_1/card_50_front.jpg,cards/binder_1/card_50_back.jpg,49/102,Drowzee,Base,Common,LP/MP,MP,base_unlimited_confirmed,NO,NO,YES,NO,HIGH,Base Unlimited confirmed; no Shadowless marker found.,,,bulk,NO,vision_full_card_api_validated,0.4322,B01-C032,output/first_edition_review_crops_clean/B01-C050__Base__49_102__Drowzee.jpg,Unlimited,Pokemon Drowzee 49/102 Base Unlimited MP,0.70,TCGPLAYER_MARKET,,,,0.49,TCG_API_REFERENCE_ESTIMATE_70_PERCENT_FOR_LP_MP,Pokemon Drowzee 49/102 Base LP/MP,"Drowzee 49/102 from Base.
Variant: Unlimited.
Condition estimate: LP/MP. See front and back photos for exact condition.
Raw card, not graded.",,
B01-C051,cards/binder_1/card_51_front.jpg,cards/binder_1/card_51_back.jpg,48/62,Grimer,Fossil,Common,LP/MP,MP,unlimited_confirmed,NO,NOT_APPLICABLE,YES,NO,HIGH,Manually checked; no 1st Edition stamp found. Treat as Unlimited.,,,bulk,NO,vision_full_card_api_validated,0.3693,B01-C032,output/first_edition_review_crops_clean/B01-C051__Fossil__48_62__Grimer.jpg,Unlimited,Pokemon Grimer 48/62 Fossil Unlimited MP,,NO_TCG_PRICE,,,,,NO_TCG_PRICE,Pokemon Grimer 48/62 Fossil LP/MP,"Grimer 48/62 from Fossil.
Variant: Unlimited.
Condition estimate: LP/MP. See front and back photos for exact condition.
Raw card, not graded.",,
B01-C052,cards/binder_1/card_52_front.jpg,cards/binder_1/card_52_back.jpg,57/64,Nidoran ♀,Jungle,Common,LP/MP,MP,unlimited_confirmed,NO,NOT_APPLICABLE,YES,NO,HIGH,Manually checked; no 1st Edition stamp found. Treat as Unlimited.,,,bulk,NO,fixed_by_card_number_api,0.2748,B01-C032,output/first_edition_review_crops_clean/B01-C052__Jungle__57_64__Nidoran _.jpg,Unlimited,Pokemon Nidoran ♀ 57/64 Jungle Unlimited MP,,NO_TCG_PRICE,,,,,NO_TCG_PRICE,Pokemon Nidoran ♀ 57/64 Jungle LP/MP,"Nidoran ♀ 57/64 from Jungle.
Variant: Unlimited.
Condition estimate: LP/MP. See front and back photos for exact condition.
Raw card, not graded.",,
B01-C053,cards/binder_1/card_53_front.jpg,cards/binder_1/card_53_back.jpg,63/102,Squirtle,Base,Common,LP/MP,MP,base_unlimited_confirmed,NO,NO,YES,NO,HIGH,Base Unlimited confirmed; no Shadowless marker found.,,,single,NO,vision_full_card_api_validated,0.2644,B01-C057,output/first_edition_review_crops_clean/B01-C053__Base__63_102__Squirtle.jpg,Unlimited,Pokemon Squirtle 63/102 Base Unlimited MP,10.26,TCGPLAYER_MARKET,,,,7.18,TCG_API_REFERENCE_ESTIMATE_70_PERCENT_FOR_LP_MP,Pokemon Squirtle 63/102 Base LP/MP,"Squirtle 63/102 from Base.
Variant: Unlimited.
Condition estimate: LP/MP. See front and back photos for exact condition.
Raw card, not graded.",,
B01-C054,cards/binder_1/card_54_front.jpg,cards/binder_1/card_54_back.jpg,39/102,Porygon,Base,Uncommon,LP/MP,MP,base_unlimited_confirmed,NO,NO,YES,NO,HIGH,Base Unlimited confirmed; no Shadowless marker found.,,,bulk,NO,vision_full_card_api_validated,-0.1013,B01-C110,output/first_edition_review_crops_clean/B01-C054__Base__39_102__Porygon.jpg,Unlimited,Pokemon Porygon 39/102 Base Unlimited MP,2.65,TCGPLAYER_MARKET,,,,1.85,TCG_API_REFERENCE_ESTIMATE_70_PERCENT_FOR_LP_MP,Pokemon Porygon 39/102 Base LP/MP,"Porygon 39/102 from Base.
Variant: Unlimited.
Condition estimate: LP/MP. See front and back photos for exact condition.
Raw card, not graded.",,
B01-C055,cards/binder_1/card_55_front.jpg,cards/binder_1/card_55_back.jpg,51/102,Koffing,Base,Common,LP/MP,MP,base_unlimited_confirmed,NO,NO,YES,NO,HIGH,Base Unlimited confirmed; no Shadowless marker found.,,,bulk,NO,vision_full_card_api_validated,0.3743,B01-C032,output/first_edition_review_crops_clean/B01-C055__Base__51_102__Koffing.jpg,Unlimited,Pokemon Koffing 51/102 Base Unlimited MP,0.78,TCGPLAYER_MARKET,,,,0.55,TCG_API_REFERENCE_ESTIMATE_70_PERCENT_FOR_LP_MP,Pokemon Koffing 51/102 Base LP/MP,"Koffing 51/102 from Base.
Variant: Unlimited.
Condition estimate: LP/MP. See front and back photos for exact condition.
Raw card, not graded.",,
B01-C056,cards/binder_1/card_56_front.jpg,cards/binder_1/card_56_back.jpg,49/62,Horsea,Fossil,Common,LP/MP,MP,unlimited_confirmed,NO,NOT_APPLICABLE,YES,NO,HIGH,Manually checked; no 1st Edition stamp found. Treat as Unlimited.,,,bulk,NO,vision_full_card_api_validated,0.2278,B01-C032,output/first_edition_review_crops_clean/B01-C056__Fossil__49_62__Horsea.jpg,Unlimited,Pokemon Horsea 49/62 Fossil Unlimited MP,,NO_TCG_PRICE,,,,,NO_TCG_PRICE,Pokemon Horsea 49/62 Fossil LP/MP,"Horsea 49/62 from Fossil.
Variant: Unlimited.
Condition estimate: LP/MP. See front and back photos for exact condition.
Raw card, not graded.",,
B01-C057,cards/binder_1/card_57_front.jpg,cards/binder_1/card_57_back.jpg,39/62,Magmar,Fossil,Uncommon,LP/MP,MP,first_edition_confirmed,YES,NOT_APPLICABLE,NO,NO,HIGH,Confirmed from top-100 first-edition review PDF; first 16 rows only.,,,single_or_1st_ed_group,NO,vision_full_card_api_validated,1.0000,B01-C057,output/first_edition_review_crops_clean/B01-C057__Fossil__39_62__Magmar.jpg,1st Edition,Pokemon Magmar 39/62 Fossil 1st Edition MP,,,0.99,1.18,1.50,1.49,APIFY_SOLD_COMPS_PRIORITY_CARD,Pokemon Magmar 39/62 Fossil 1st Edition LP/MP,"Magmar 39/62 from Fossil.
Variant: 1st Edition.
Condition estimate: LP/MP. See front and back photos for exact condition.
Raw card, not graded.",Pokemon Magmar 39/62 1st Edition Fossil NM WOTC 1999 || 1999 - Pokemon TCG - Fossil Set - Pick Your WOTC Card (s) - 1st Ed & Unlimited || Pokémon 1999 NM 1ST EDITION FOSSIL SET PICK YOUR CARDS || 1999 Pokemon Fossil Magmar #39 VLP || Pokémon TCG 1999 1st Edition Fossil - You Pick - Excellent/Near Mint or Better || Magmar Uncommon Fossil 39/62 NM || Magmar [LP] - Pokemon TCG Fossil 39/62 [Uncommon] || Pokemon Magmar 39/62 Fossil Regular - LP || Magmar 39/62 Unlimited Uncommon Fossil || MAGMAR - 39/62 - Fossil - Pokemon Card,0.99 | 0.99 | 0.99 | 1.00 | 1.00 | 1.00 | 1.37 | 1.49 | 1.50 | 1.50
B01-C058,cards/binder_1/card_58_front.jpg,cards/binder_1/card_58_back.jpg,59/82,Machop,Team Rocket,Common,LP/MP,MP,unlimited_confirmed,NO,NOT_APPLICABLE,YES,NO,HIGH,Manually checked; no 1st Edition stamp found. Treat as Unlimited.,,,bulk,NO,vision_full_card_api_validated,0.2472,B01-C032,output/first_edition_review_crops_clean/B01-C058__Team Rocket__59_82__Machop.jpg,Unlimited,Pokemon Machop 59/82 Team Rocket Unlimited MP,,NO_TCG_PRICE,,,,,NO_TCG_PRICE,Pokemon Machop 59/82 Team Rocket LP/MP,"Machop 59/82 from Team Rocket.
Variant: Unlimited.
Condition estimate: LP/MP. See front and back photos for exact condition.
Raw card, not graded.",,
B01-C059,cards/binder_1/card_59_front.jpg,cards/binder_1/card_59_back.jpg,45/102,Caterpie,Base,Common,LP/MP,MP,base_unlimited_confirmed,NO,NO,YES,NO,HIGH,Base Unlimited confirmed; no Shadowless marker found.,,,bulk,NO,vision_full_card_api_validated,0.3256,B01-C032,output/first_edition_review_crops_clean/B01-C059__Base__45_102__Caterpie.jpg,Unlimited,Pokemon Caterpie 45/102 Base Unlimited MP,1.05,TCGPLAYER_MARKET,,,,0.73,TCG_API_REFERENCE_ESTIMATE_70_PERCENT_FOR_LP_MP,Pokemon Caterpie 45/102 Base LP/MP,"Caterpie 45/102 from Base.
Variant: Unlimited.
Condition estimate: LP/MP. See front and back photos for exact condition.
Raw card, not graded.",,
B01-C060,cards/binder_1/card_60_front.jpg,cards/binder_1/card_60_back.jpg,29/102,Haunter,Base,Uncommon,LP/MP,MP,base_unlimited_confirmed,NO,NO,YES,NO,HIGH,Base Unlimited confirmed; no Shadowless marker found.,,,bulk,NO,vision_full_card_api_validated,0.3359,B01-C032,output/first_edition_review_crops_clean/B01-C060__Base__29_102__Haunter.jpg,Unlimited,Pokemon Haunter 29/102 Base Unlimited MP,1.69,TCGPLAYER_MARKET,,,,1.18,TCG_API_REFERENCE_ESTIMATE_70_PERCENT_FOR_LP_MP,Pokemon Haunter 29/102 Base LP/MP,"Haunter 29/102 from Base.
Variant: Unlimited.
Condition estimate: LP/MP. See front and back photos for exact condition.
Raw card, not graded.",,
B01-C061,cards/binder_1/card_61_front.jpg,cards/binder_1/card_61_back.jpg,65/102,Staryu,Base,Common,LP/MP,MP,base_unlimited_confirmed,NO,NO,YES,NO,HIGH,Base Unlimited confirmed; no Shadowless marker found.,,,bulk,NO,vision_full_card_api_validated,0.2028,B01-C032,output/first_edition_review_crops_clean/B01-C061__Base__65_102__Staryu.jpg,Unlimited,Pokemon Staryu 65/102 Base Unlimited MP,0.61,TCGPLAYER_MARKET,,,,0.43,TCG_API_REFERENCE_ESTIMATE_70_PERCENT_FOR_LP_MP,Pokemon Staryu 65/102 Base LP/MP,"Staryu 65/102 from Base.
Variant: Unlimited.
Condition estimate: LP/MP. See front and back photos for exact condition.
Raw card, not graded.",,
B01-C062,cards/binder_1/card_62_front.jpg,cards/binder_1/card_62_back.jpg,64/82,Ponyta,Team Rocket,Common,LP/MP,MP,unlimited_confirmed,NO,NOT_APPLICABLE,YES,NO,HIGH,Manually checked; no 1st Edition stamp found. Treat as Unlimited.,,,bulk,NO,vision_full_card_api_validated,0.3248,B01-C032,output/first_edition_review_crops_clean/B01-C062__Team Rocket__64_82__Ponyta.jpg,Unlimited,Pokemon Ponyta 64/82 Team Rocket Unlimited MP,,NO_TCG_PRICE,,,,,NO_TCG_PRICE,Pokemon Ponyta 64/82 Team Rocket LP/MP,"Ponyta 64/82 from Team Rocket.
Variant: Unlimited.
Condition estimate: LP/MP. See front and back photos for exact condition.
Raw card, not graded.",,
B01-C063,cards/binder_1/card_63_front.jpg,cards/binder_1/card_63_back.jpg,48/102,Doduo,Base,Common,LP/MP,MP,base_unlimited_confirmed,NO,NO,YES,NO,HIGH,Base Unlimited confirmed; no Shadowless marker found.,,,bulk,NO,vision_full_card_api_validated,-0.0037,B01-C110,output/first_edition_review_crops_clean/B01-C063__Base__48_102__Doduo.jpg,Unlimited,Pokemon Doduo 48/102 Base Unlimited MP,1.40,TCGPLAYER_MARKET,,,,0.98,TCG_API_REFERENCE_ESTIMATE_70_PERCENT_FOR_LP_MP,Pokemon Doduo 48/102 Base LP/MP,"Doduo 48/102 from Base.
Variant: Unlimited.
Condition estimate: LP/MP. See front and back photos for exact condition.
Raw card, not graded.",,
B01-C064,cards/binder_1/card_64_front.jpg,cards/binder_1/card_64_back.jpg,48/62,Grimer,Fossil,Common,LP/MP,MP,unlimited_confirmed,NO,NOT_APPLICABLE,YES,NO,HIGH,Manually checked; no 1st Edition stamp found. Treat as Unlimited.,,,bulk,NO,vision_full_card_api_validated,0.2317,B01-C057,output/first_edition_review_crops_clean/B01-C064__Fossil__48_62__Grimer.jpg,Unlimited,Pokemon Grimer 48/62 Fossil Unlimited MP,,NO_TCG_PRICE,,,,,NO_TCG_PRICE,Pokemon Grimer 48/62 Fossil LP/MP,"Grimer 48/62 from Fossil.
Variant: Unlimited.
Condition estimate: LP/MP. See front and back photos for exact condition.
Raw card, not graded.",,
B01-C065,cards/binder_1/card_65_front.jpg,cards/binder_1/card_65_back.jpg,48/64,Weepinbell,Jungle,Uncommon,LP/MP,MP,unlimited_confirmed,NO,NOT_APPLICABLE,YES,NO,HIGH,Manually checked; no 1st Edition stamp found. Treat as Unlimited.,,,bulk,NO,vision_full_card_api_validated,0.3612,B01-C110,output/first_edition_review_crops_clean/B01-C065__Jungle__48_64__Weepinbell.jpg,Unlimited,Pokemon Weepinbell 48/64 Jungle Unlimited MP,,NO_TCG_PRICE,,,,,NO_TCG_PRICE,Pokemon Weepinbell 48/64 Jungle LP/MP,"Weepinbell 48/64 from Jungle.
Variant: Unlimited.
Condition estimate: LP/MP. See front and back photos for exact condition.
Raw card, not graded.",,
B01-C066,cards/binder_1/card_66_front.jpg,cards/binder_1/card_66_back.jpg,51/64,Eevee,Jungle,Common,LP/MP,MP,unlimited_confirmed,NO,NOT_APPLICABLE,YES,NO,HIGH,Manually checked; no 1st Edition stamp found. Treat as Unlimited.,,,bulk,NO,vision_full_card_api_validated,0.0420,B01-C110,output/first_edition_review_crops_clean/B01-C066__Jungle__51_64__Eevee.jpg,Unlimited,Pokemon Eevee 51/64 Jungle Unlimited MP,,NO_TCG_PRICE,,,,,NO_TCG_PRICE,Pokemon Eevee 51/64 Jungle LP/MP,"Eevee 51/64 from Jungle.
Variant: Unlimited.
Condition estimate: LP/MP. See front and back photos for exact condition.
Raw card, not graded.",,
B01-C067,cards/binder_1/card_67_front.jpg,cards/binder_1/card_67_back.jpg,59/64,Paras,Jungle,Common,LP/MP,MP,unlimited_confirmed,NO,NOT_APPLICABLE,YES,NO,HIGH,Manually checked; no 1st Edition stamp found. Treat as Unlimited.,,,bulk,NO,vision_full_card_api_validated,0.2449,B01-C032,output/first_edition_review_crops_clean/B01-C067__Jungle__59_64__Paras.jpg,Unlimited,Pokemon Paras 59/64 Jungle Unlimited MP,,NO_TCG_PRICE,,,,,NO_TCG_PRICE,Pokemon Paras 59/64 Jungle LP/MP,"Paras 59/64 from Jungle.
Variant: Unlimited.
Condition estimate: LP/MP. See front and back photos for exact condition.
Raw card, not graded.",,
B01-C068,cards/binder_1/card_68_front.jpg,cards/binder_1/card_68_back.jpg,38/64,Stantler,Neo Revelation,Uncommon,LP/MP,MP,unlimited_or_normal,NO,NOT_APPLICABLE,YES,NO,MEDIUM,No special 1st Edition/Shadowless variant expected.,,,bulk,NO,fixed_from_saved_vision_or_visual_confirmation,,,,Unlimited,Pokemon Stantler 38/64 Neo Revelation Unlimited MP,,NO_TCG_PRICE,,,,,NO_TCG_PRICE,Pokemon Stantler 38/64 Neo Revelation LP/MP,"Stantler 38/64 from Neo Revelation.
Variant: Unlimited.
Condition estimate: LP/MP. See front and back photos for exact condition.
Raw card, not graded.",,
B01-C069,cards/binder_1/card_69_front.jpg,cards/binder_1/card_69_back.jpg,49/62,Horsea,Fossil,Common,LP/MP,MP,unlimited_confirmed,NO,NOT_APPLICABLE,YES,NO,HIGH,Manually checked; no 1st Edition stamp found. Treat as Unlimited.,,,bulk,NO,vision_full_card_api_validated,0.1756,B01-C032,output/first_edition_review_crops_clean/B01-C069__Fossil__49_62__Horsea.jpg,Unlimited,Pokemon Horsea 49/62 Fossil Unlimited MP,,NO_TCG_PRICE,,,,,NO_TCG_PRICE,Pokemon Horsea 49/62 Fossil LP/MP,"Horsea 49/62 from Fossil.
Variant: Unlimited.
Condition estimate: LP/MP. See front and back photos for exact condition.
Raw card, not graded.",,
B01-C070,cards/binder_1/card_70_front.jpg,cards/binder_1/card_70_back.jpg,55/62,Slowpoke,Fossil,Common,LP/MP,MP,unlimited_confirmed,NO,NOT_APPLICABLE,YES,NO,HIGH,Manually checked; no 1st Edition stamp found. Treat as Unlimited.,,,bulk,NO,vision_full_card_api_validated,0.3472,B01-C032,output/first_edition_review_crops_clean/B01-C070__Fossil__55_62__Slowpoke.jpg,Unlimited,Pokemon Slowpoke 55/62 Fossil Unlimited MP,,NO_TCG_PRICE,,,,,NO_TCG_PRICE,Pokemon Slowpoke 55/62 Fossil LP/MP,"Slowpoke 55/62 from Fossil.
Variant: Unlimited.
Condition estimate: LP/MP. See front and back photos for exact condition.
Raw card, not graded.",,
B01-C071,cards/binder_1/card_71_front.jpg,cards/binder_1/card_71_back.jpg,52/64,Exeggcute,Jungle,Common,LP/MP,MP,unlimited_confirmed,NO,NOT_APPLICABLE,YES,NO,HIGH,Manually checked; no 1st Edition stamp found. Treat as Unlimited.,,,bulk,NO,vision_full_card_api_validated,0.3028,B01-C032,output/first_edition_review_crops_clean/B01-C071__Jungle__52_64__Exeggcute.jpg,Unlimited,Pokemon Exeggcute 52/64 Jungle Unlimited MP,,NO_TCG_PRICE,,,,,NO_TCG_PRICE,Pokemon Exeggcute 52/64 Jungle LP/MP,"Exeggcute 52/64 from Jungle.
Variant: Unlimited.
Condition estimate: LP/MP. See front and back photos for exact condition.
Raw card, not graded.",,
B01-C072,cards/binder_1/card_72_front.jpg,cards/binder_1/card_72_back.jpg,46/62,Ekans,Fossil,Common,LP/MP,MP,unlimited_confirmed,NO,NOT_APPLICABLE,YES,NO,HIGH,Manually checked; no 1st Edition stamp found. Treat as Unlimited.,,,bulk,NO,vision_full_card_api_validated,0.2655,B01-C057,output/first_edition_review_crops_clean/B01-C072__Fossil__46_62__Ekans.jpg,Unlimited,Pokemon Ekans 46/62 Fossil Unlimited MP,,NO_TCG_PRICE,,,,,NO_TCG_PRICE,Pokemon Ekans 46/62 Fossil LP/MP,"Ekans 46/62 from Fossil.
Variant: Unlimited.
Condition estimate: LP/MP. See front and back photos for exact condition.
Raw card, not graded.",,
B01-C073,cards/binder_1/card_73_front.jpg,cards/binder_1/card_73_back.jpg,51/62,Krabby,Fossil,Common,LP/MP,MP,unlimited_confirmed,NO,NOT_APPLICABLE,YES,NO,HIGH,Manually checked; no 1st Edition stamp found. Treat as Unlimited.,,,bulk,NO,fixed_by_card_number_api,0.2496,B01-C032,output/first_edition_review_crops_clean/B01-C073__Fossil__51_62__Krabby.jpg,Unlimited,Pokemon Krabby 51/62 Fossil Unlimited MP,,NO_TCG_PRICE,,,,,NO_TCG_PRICE,Pokemon Krabby 51/62 Fossil LP/MP,"Krabby 51/62 from Fossil.
Variant: Unlimited.
Condition estimate: LP/MP. See front and back photos for exact condition.
Raw card, not graded.",,
B01-C074,cards/binder_1/card_74_front.jpg,cards/binder_1/card_74_back.jpg,77/130,Jigglypuff,Base Set 2,Common,LP/MP,MP,unlimited_or_normal,NO,NOT_APPLICABLE,YES,NO,MEDIUM,No special 1st Edition/Shadowless variant expected.,,,bulk,NO,fixed_by_card_number_api,,,,Unlimited,Pokemon Jigglypuff 77/130 Base Set 2 Unlimited MP,0.76,TCGPLAYER_MARKET,,,,0.53,TCG_API_REFERENCE_ESTIMATE_70_PERCENT_FOR_LP_MP,Pokemon Jigglypuff 77/130 Base Set 2 LP/MP,"Jigglypuff 77/130 from Base Set 2.
Variant: Unlimited.
Condition estimate: LP/MP. See front and back photos for exact condition.
Raw card, not graded.",,
B01-C075,cards/binder_1/card_75_front.jpg,cards/binder_1/card_75_back.jpg,51/102,Koffing,Base,Common,LP/MP,MP,base_unlimited_confirmed,NO,NO,YES,NO,HIGH,Base Unlimited confirmed; no Shadowless marker found.,,,bulk,NO,fixed_by_card_number_api,0.2857,B01-C032,output/first_edition_review_crops_clean/B01-C075__Base__51_102__Koffing.jpg,Unlimited,Pokemon Koffing 51/102 Base Unlimited MP,0.78,TCGPLAYER_MARKET,,,,0.55,TCG_API_REFERENCE_ESTIMATE_70_PERCENT_FOR_LP_MP,Pokemon Koffing 51/102 Base LP/MP,"Koffing 51/102 from Base.
Variant: Unlimited.
Condition estimate: LP/MP. See front and back photos for exact condition.
Raw card, not graded.",,
B01-C076,cards/binder_1/card_76_front.jpg,cards/binder_1/card_76_back.jpg,49/62,Horsea,Fossil,Common,LP/MP,MP,unlimited_confirmed,NO,NOT_APPLICABLE,YES,NO,HIGH,Manually checked; no 1st Edition stamp found. Treat as Unlimited.,,,bulk,NO,vision_full_card_api_validated,0.2743,B01-C032,output/first_edition_review_crops_clean/B01-C076__Fossil__49_62__Horsea.jpg,Unlimited,Pokemon Horsea 49/62 Fossil Unlimited MP,,NO_TCG_PRICE,,,,,NO_TCG_PRICE,Pokemon Horsea 49/62 Fossil LP/MP,"Horsea 49/62 from Fossil.
Variant: Unlimited.
Condition estimate: LP/MP. See front and back photos for exact condition.
Raw card, not graded.",,
B01-C077,cards/binder_1/card_77_front.jpg,cards/binder_1/card_77_back.jpg,62/64,Spearow,Jungle,Common,LP/MP,MP,unlimited_confirmed,NO,NOT_APPLICABLE,YES,NO,HIGH,Manually checked; no 1st Edition stamp found. Treat as Unlimited.,,,bulk,NO,vision_full_card_api_validated,0.0519,B01-C110,output/first_edition_review_crops_clean/B01-C077__Jungle__62_64__Spearow.jpg,Unlimited,Pokemon Spearow 62/64 Jungle Unlimited MP,,NO_TCG_PRICE,,,,,NO_TCG_PRICE,Pokemon Spearow 62/64 Jungle LP/MP,"Spearow 62/64 from Jungle.
Variant: Unlimited.
Condition estimate: LP/MP. See front and back photos for exact condition.
Raw card, not graded.",,
B01-C078,cards/binder_1/card_78_front.jpg,cards/binder_1/card_78_back.jpg,26/102,Dratini,Base,Uncommon,LP/MP,MP,base_unlimited_confirmed,NO,NO,YES,NO,HIGH,Base Unlimited confirmed; no Shadowless marker found.,,,bulk,NO,vision_full_card_api_validated,-0.0615,B01-C032,output/first_edition_review_crops_clean/B01-C078__Base__26_102__Dratini.jpg,Unlimited,Pokemon Dratini 26/102 Base Unlimited MP,2.40,TCGPLAYER_MARKET,,,,1.68,TCG_API_REFERENCE_ESTIMATE_70_PERCENT_FOR_LP_MP,Pokemon Dratini 26/102 Base LP/MP,"Dratini 26/102 from Base.
Variant: Unlimited.
Condition estimate: LP/MP. See front and back photos for exact condition.
Raw card, not graded.",,
B01-C079,cards/binder_1/card_79_front.jpg,cards/binder_1/card_79_back.jpg,57/102,Pidgey,Base,Common,LP/MP,MP,base_unlimited_confirmed,NO,NO,YES,NO,HIGH,Base Unlimited confirmed; no Shadowless marker found.,,,bulk,NO,vision_full_card_api_validated,-0.0759,B01-C032,output/first_edition_review_crops_clean/B01-C079__Base__57_102__Pidgey.jpg,Unlimited,Pokemon Pidgey 57/102 Base Unlimited MP,1.23,TCGPLAYER_MARKET,,,,0.86,TCG_API_REFERENCE_ESTIMATE_70_PERCENT_FOR_LP_MP,Pokemon Pidgey 57/102 Base LP/MP,"Pidgey 57/102 from Base.
Variant: Unlimited.
Condition estimate: LP/MP. See front and back photos for exact condition.
Raw card, not graded.",,
B01-C080,cards/binder_1/card_80_front.jpg,cards/binder_1/card_80_back.jpg,41/62,Sandslash,Fossil,Uncommon,LP/MP,MP,unlimited_confirmed,NO,NOT_APPLICABLE,YES,NO,HIGH,Manually checked; no 1st Edition stamp found. Treat as Unlimited.,,,bulk,NO,vision_full_card_api_validated,0.3721,B01-C057,output/first_edition_review_crops_clean/B01-C080__Fossil__41_62__Sandslash.jpg,Unlimited,Pokemon Sandslash 41/62 Fossil Unlimited MP,,NO_TCG_PRICE,,,,,NO_TCG_PRICE,Pokemon Sandslash 41/62 Fossil LP/MP,"Sandslash 41/62 from Fossil.
Variant: Unlimited.
Condition estimate: LP/MP. See front and back photos for exact condition.
Raw card, not graded.",,
B01-C081,cards/binder_1/card_81_front.jpg,cards/binder_1/card_81_back.jpg,51/102,Koffing,Base,Common,LP/MP,MP,base_unlimited_confirmed,NO,NO,YES,NO,HIGH,Base Unlimited confirmed; no Shadowless marker found.,,,bulk,NO,vision_full_card_api_validated,0.3650,B01-C057,output/first_edition_review_crops_clean/B01-C081__Base__51_102__Koffing.jpg,Unlimited,Pokemon Koffing 51/102 Base Unlimited MP,0.78,TCGPLAYER_MARKET,,,,0.55,TCG_API_REFERENCE_ESTIMATE_70_PERCENT_FOR_LP_MP,Pokemon Koffing 51/102 Base LP/MP,"Koffing 51/102 from Base.
Variant: Unlimited.
Condition estimate: LP/MP. See front and back photos for exact condition.
Raw card, not graded.",,
B01-C082,cards/binder_1/card_82_front.jpg,cards/binder_1/card_82_back.jpg,35/62,Golduck,Fossil,Uncommon,LP/MP,MP,unlimited_confirmed,NO,NOT_APPLICABLE,YES,NO,HIGH,Manually checked; no 1st Edition stamp found. Treat as Unlimited.,,,bulk,NO,vision_full_card_api_validated,0.1494,B01-C032,output/first_edition_review_crops_clean/B01-C082__Fossil__35_62__Golduck.jpg,Unlimited,Pokemon Golduck 35/62 Fossil Unlimited MP,,NO_TCG_PRICE,,,,,NO_TCG_PRICE,Pokemon Golduck 35/62 Fossil LP/MP,"Golduck 35/62 from Fossil.
Variant: Unlimited.
Condition estimate: LP/MP. See front and back photos for exact condition.
Raw card, not graded.",,
B01-C083,cards/binder_1/card_83_front.jpg,cards/binder_1/card_83_back.jpg,36/62,Golem,Fossil,Uncommon,LP/MP,MP,unlimited_confirmed,NO,NOT_APPLICABLE,YES,NO,HIGH,Manually checked; no 1st Edition stamp found. Treat as Unlimited.,,,bulk,NO,vision_full_card_api_validated,0.3257,B01-C057,output/first_edition_review_crops_clean/B01-C083__Fossil__36_62__Golem.jpg,Unlimited,Pokemon Golem 36/62 Fossil Unlimited MP,,NO_TCG_PRICE,,,,,NO_TCG_PRICE,Pokemon Golem 36/62 Fossil LP/MP,"Golem 36/62 from Fossil.
Variant: Unlimited.
Condition estimate: LP/MP. See front and back photos for exact condition.
Raw card, not graded.",,
B01-C084,cards/binder_1/card_84_front.jpg,cards/binder_1/card_84_back.jpg,54/62,Shellder,Fossil,Common,LP/MP,MP,unlimited_confirmed,NO,NOT_APPLICABLE,YES,NO,HIGH,Manually checked; no 1st Edition stamp found. Treat as Unlimited.,,,bulk,NO,vision_full_card_api_validated,0.3087,B01-C057,output/first_edition_review_crops_clean/B01-C084__Fossil__54_62__Shellder.jpg,Unlimited,Pokemon Shellder 54/62 Fossil Unlimited MP,,NO_TCG_PRICE,,,,,NO_TCG_PRICE,Pokemon Shellder 54/62 Fossil LP/MP,"Shellder 54/62 from Fossil.
Variant: Unlimited.
Condition estimate: LP/MP. See front and back photos for exact condition.
Raw card, not graded.",,
B01-C085,cards/binder_1/card_85_front.jpg,cards/binder_1/card_85_back.jpg,48/82,Porygon,Team Rocket,Uncommon,LP/MP,MP,unlimited_confirmed,NO,NOT_APPLICABLE,YES,NO,HIGH,Manually checked; no 1st Edition stamp found. Treat as Unlimited.,,,bulk,NO,vision_full_card_api_validated,-0.2304,B01-C032,output/first_edition_review_crops_clean/B01-C085__Team Rocket__48_82__Porygon.jpg,Unlimited,Pokemon Porygon 48/82 Team Rocket Unlimited MP,,NO_TCG_PRICE,,,,,NO_TCG_PRICE,Pokemon Porygon 48/82 Team Rocket LP/MP,"Porygon 48/82 from Team Rocket.
Variant: Unlimited.
Condition estimate: LP/MP. See front and back photos for exact condition.
Raw card, not graded.",,
B01-C086,cards/binder_1/card_86_front.jpg,cards/binder_1/card_86_back.jpg,70/82,Zubat,Team Rocket,Common,LP/MP,MP,unlimited_confirmed,NO,NOT_APPLICABLE,YES,NO,HIGH,Manually checked; no 1st Edition stamp found. Treat as Unlimited.,,,bulk,NO,vision_full_card_api_validated,0.4648,B01-C032,output/first_edition_review_crops_clean/B01-C086__Team Rocket__70_82__Zubat.jpg,Unlimited,Pokemon Zubat 70/82 Team Rocket Unlimited MP,,NO_TCG_PRICE,,,,,NO_TCG_PRICE,Pokemon Zubat 70/82 Team Rocket LP/MP,"Zubat 70/82 from Team Rocket.
Variant: Unlimited.
Condition estimate: LP/MP. See front and back photos for exact condition.
Raw card, not graded.",,
B01-C087,cards/binder_1/card_87_front.jpg,cards/binder_1/card_87_back.jpg,37/62,Graveler,Fossil,Uncommon,LP/MP,MP,unlimited_confirmed,NO,NOT_APPLICABLE,YES,NO,HIGH,Manually checked; no 1st Edition stamp found. Treat as Unlimited.,,,bulk,NO,vision_full_card_api_validated,0.2581,B01-C032,output/first_edition_review_crops_clean/B01-C087__Fossil__37_62__Graveler.jpg,Unlimited,Pokemon Graveler 37/62 Fossil Unlimited MP,,NO_TCG_PRICE,,,,,NO_TCG_PRICE,Pokemon Graveler 37/62 Fossil LP/MP,"Graveler 37/62 from Fossil.
Variant: Unlimited.
Condition estimate: LP/MP. See front and back photos for exact condition.
Raw card, not graded.",,
B01-C088,cards/binder_1/card_88_front.jpg,cards/binder_1/card_88_back.jpg,56/82,Ekans,Team Rocket,Common,LP/MP,MP,unlimited_confirmed,NO,NOT_APPLICABLE,YES,NO,HIGH,Manually checked; no 1st Edition stamp found. Treat as Unlimited.,,,bulk,NO,vision_full_card_api_validated,0.3442,B01-C032,output/first_edition_review_crops_clean/B01-C088__Team Rocket__56_82__Ekans.jpg,Unlimited,Pokemon Ekans 56/82 Team Rocket Unlimited MP,,NO_TCG_PRICE,,,,,NO_TCG_PRICE,Pokemon Ekans 56/82 Team Rocket LP/MP,"Ekans 56/82 from Team Rocket.
Variant: Unlimited.
Condition estimate: LP/MP. See front and back photos for exact condition.
Raw card, not graded.",,
B01-C089,cards/binder_1/card_89_front.jpg,cards/binder_1/card_89_back.jpg,59/64,Paras,Jungle,Common,LP/MP,MP,unlimited_confirmed,NO,NOT_APPLICABLE,YES,NO,HIGH,Manually checked; no 1st Edition stamp found. Treat as Unlimited.,,,bulk,NO,vision_full_card_api_validated,0.4437,B01-C110,output/first_edition_review_crops_clean/B01-C089__Jungle__59_64__Paras.jpg,Unlimited,Pokemon Paras 59/64 Jungle Unlimited MP,,NO_TCG_PRICE,,,,,NO_TCG_PRICE,Pokemon Paras 59/64 Jungle LP/MP,"Paras 59/64 from Jungle.
Variant: Unlimited.
Condition estimate: LP/MP. See front and back photos for exact condition.
Raw card, not graded.",,
B01-C090,cards/binder_1/card_90_front.jpg,cards/binder_1/card_90_back.jpg,59/102,Poliwag,Base,Common,LP/MP,MP,base_unlimited_confirmed,NO,NO,YES,NO,HIGH,Base Unlimited confirmed; no Shadowless marker found.,,,bulk,NO,vision_full_card_api_validated,0.2513,B01-C057,output/first_edition_review_crops_clean/B01-C090__Base__59_102__Poliwag.jpg,Unlimited,Pokemon Poliwag 59/102 Base Unlimited MP,0.65,TCGPLAYER_MARKET,,,,0.45,TCG_API_REFERENCE_ESTIMATE_70_PERCENT_FOR_LP_MP,Pokemon Poliwag 59/102 Base LP/MP,"Poliwag 59/102 from Base.
Variant: Unlimited.
Condition estimate: LP/MP. See front and back photos for exact condition.
Raw card, not graded.",,
B01-C091,cards/binder_1/card_91_front.jpg,cards/binder_1/card_91_back.jpg,39/62,Magmar,Fossil,Uncommon,LP/MP,MP,unlimited_confirmed,NO,NOT_APPLICABLE,YES,NO,HIGH,Manually checked; no 1st Edition stamp found. Treat as Unlimited.,,,bulk,NO,vision_full_card_api_validated,0.3876,B01-C032,output/first_edition_review_crops_clean/B01-C091__Fossil__39_62__Magmar.jpg,Unlimited,Pokemon Magmar 39/62 Fossil Unlimited MP,,NO_TCG_PRICE,,,,,NO_TCG_PRICE,Pokemon Magmar 39/62 Fossil LP/MP,"Magmar 39/62 from Fossil.
Variant: Unlimited.
Condition estimate: LP/MP. See front and back photos for exact condition.
Raw card, not graded.",,
B01-C092,cards/binder_1/card_92_front.jpg,cards/binder_1/card_92_back.jpg,31/62,Arbok,Fossil,Uncommon,LP/MP,MP,unlimited_confirmed,NO,NOT_APPLICABLE,YES,NO,HIGH,Manually checked; no 1st Edition stamp found. Treat as Unlimited.,,,bulk,NO,vision_full_card_api_validated,0.3882,B01-C110,output/first_edition_review_crops_clean/B01-C092__Fossil__31_62__Arbok.jpg,Unlimited,Pokemon Arbok 31/62 Fossil Unlimited MP,,NO_TCG_PRICE,,,,,NO_TCG_PRICE,Pokemon Arbok 31/62 Fossil LP/MP,"Arbok 31/62 from Fossil.
Variant: Unlimited.
Condition estimate: LP/MP. See front and back photos for exact condition.
Raw card, not graded.",,
B01-C093,cards/binder_1/card_93_front.jpg,cards/binder_1/card_93_back.jpg,37/102,Nidorino,Base,Uncommon,LP/MP,MP,base_unlimited_confirmed,NO,NO,YES,NO,HIGH,Base Unlimited confirmed; no Shadowless marker found.,,,bulk,NO,vision_full_card_api_validated,0.2619,B01-C057,output/first_edition_review_crops_clean/B01-C093__Base__37_102__Nidorino.jpg,Unlimited,Pokemon Nidorino 37/102 Base Unlimited MP,2.71,TCGPLAYER_MARKET,,,,1.90,TCG_API_REFERENCE_ESTIMATE_70_PERCENT_FOR_LP_MP,Pokemon Nidorino 37/102 Base LP/MP,"Nidorino 37/102 from Base.
Variant: Unlimited.
Condition estimate: LP/MP. See front and back photos for exact condition.
Raw card, not graded.",,
B01-C094,cards/binder_1/card_94_front.jpg,cards/binder_1/card_94_back.jpg,70/130,Cubone,Base Set 2,Common,LP/MP,MP,unlimited_or_normal,NO,NOT_APPLICABLE,YES,NO,MEDIUM,No special 1st Edition/Shadowless variant expected.,,,bulk,NO,vision_full_card_api_validated,,,,Unlimited,Pokemon Cubone 70/130 Base Set 2 Unlimited MP,1.05,TCGPLAYER_MARKET,,,,0.73,TCG_API_REFERENCE_ESTIMATE_70_PERCENT_FOR_LP_MP,Pokemon Cubone 70/130 Base Set 2 LP/MP,"Cubone 70/130 from Base Set 2.
Variant: Unlimited.
Condition estimate: LP/MP. See front and back photos for exact condition.
Raw card, not graded.",,
B01-C095,cards/binder_1/card_95_front.jpg,cards/binder_1/card_95_back.jpg,91/130,Sandshrew,Base Set 2,Common,LP/MP,MP,unlimited_or_normal,NO,NOT_APPLICABLE,YES,NO,MEDIUM,No special 1st Edition/Shadowless variant expected.,,,bulk,NO,vision_full_card_api_validated,,,,Unlimited,Pokemon Sandshrew 91/130 Base Set 2 Unlimited MP,0.61,TCGPLAYER_MARKET,,,,0.43,TCG_API_REFERENCE_ESTIMATE_70_PERCENT_FOR_LP_MP,Pokemon Sandshrew 91/130 Base Set 2 LP/MP,"Sandshrew 91/130 from Base Set 2.
Variant: Unlimited.
Condition estimate: LP/MP. See front and back photos for exact condition.
Raw card, not graded.",,
B01-C096,cards/binder_1/card_96_front.jpg,cards/binder_1/card_96_back.jpg,55/102,Nidoran ♂,Base,Common,LP/MP,MP,base_unlimited_confirmed,NO,NO,YES,NO,HIGH,Base Unlimited confirmed; no Shadowless marker found.,,,bulk,NO,fixed_by_card_number_api,0.3763,B01-C110,output/first_edition_review_crops_clean/B01-C096__Base__55_102__Nidoran _.jpg,Unlimited,Pokemon Nidoran ♂ 55/102 Base Unlimited MP,0.74,TCGPLAYER_MARKET,,,,0.52,TCG_API_REFERENCE_ESTIMATE_70_PERCENT_FOR_LP_MP,Pokemon Nidoran ♂ 55/102 Base LP/MP,"Nidoran ♂ 55/102 from Base.
Variant: Unlimited.
Condition estimate: LP/MP. See front and back photos for exact condition.
Raw card, not graded.",,
B01-C097,cards/binder_1/card_97_front.jpg,cards/binder_1/card_97_back.jpg,32/62,Cloyster,Fossil,Uncommon,LP/MP,MP,unlimited_confirmed,NO,NOT_APPLICABLE,YES,NO,HIGH,Manually checked; no 1st Edition stamp found. Treat as Unlimited.,,,bulk,NO,vision_full_card_api_validated,0.2969,B01-C032,output/first_edition_review_crops_clean/B01-C097__Fossil__32_62__Cloyster.jpg,Unlimited,Pokemon Cloyster 32/62 Fossil Unlimited MP,,NO_TCG_PRICE,,,,,NO_TCG_PRICE,Pokemon Cloyster 32/62 Fossil LP/MP,"Cloyster 32/62 from Fossil.
Variant: Unlimited.
Condition estimate: LP/MP. See front and back photos for exact condition.
Raw card, not graded.",,
B01-C098,cards/binder_1/card_98_front.jpg,cards/binder_1/card_98_back.jpg,58/82,Koffing,Team Rocket,Common,LP/MP,MP,unlimited_confirmed,NO,NOT_APPLICABLE,YES,NO,HIGH,Manually checked; no 1st Edition stamp found. Treat as Unlimited.,,,bulk,NO,vision_full_card_api_validated,0.3975,B01-C110,output/first_edition_review_crops_clean/B01-C098__Team Rocket__58_82__Koffing.jpg,Unlimited,Pokemon Koffing 58/82 Team Rocket Unlimited MP,,NO_TCG_PRICE,,,,,NO_TCG_PRICE,Pokemon Koffing 58/82 Team Rocket LP/MP,"Koffing 58/82 from Team Rocket.
Variant: Unlimited.
Condition estimate: LP/MP. See front and back photos for exact condition.
Raw card, not graded.",,
B01-C099,cards/binder_1/card_99_front.jpg,cards/binder_1/card_99_back.jpg,58/64,Oddish,Jungle,Common,LP/MP,MP,unlimited_confirmed,NO,NOT_APPLICABLE,YES,NO,HIGH,Manually checked; no 1st Edition stamp found. Treat as Unlimited.,,,bulk,NO,vision_full_card_api_validated,0.3660,B01-C110,output/first_edition_review_crops_clean/B01-C099__Jungle__58_64__Oddish.jpg,Unlimited,Pokemon Oddish 58/64 Jungle Unlimited MP,,NO_TCG_PRICE,,,,,NO_TCG_PRICE,Pokemon Oddish 58/64 Jungle LP/MP,"Oddish 58/64 from Jungle.
Variant: Unlimited.
Condition estimate: LP/MP. See front and back photos for exact condition.
Raw card, not graded.",,
B01-C100,cards/binder_1/card_100_front.jpg,cards/binder_1/card_100_back.jpg,47/62,Geodude,Fossil,Common,LP/MP,MP,unlimited_confirmed,NO,NOT_APPLICABLE,YES,NO,HIGH,Manually checked; no 1st Edition stamp found. Treat as Unlimited.,,,bulk,NO,vision_full_card_api_validated,0.2323,B01-C110,output/first_edition_review_crops_clean/B01-C100__Fossil__47_62__Geodude.jpg,Unlimited,Pokemon Geodude 47/62 Fossil Unlimited MP,,NO_TCG_PRICE,,,,,NO_TCG_PRICE,Pokemon Geodude 47/62 Fossil LP/MP,"Geodude 47/62 from Fossil.
Variant: Unlimited.
Condition estimate: LP/MP. See front and back photos for exact condition.
Raw card, not graded.",,
B01-C101,cards/binder_1/card_101_front.jpg,cards/binder_1/card_101_back.jpg,23/82,Dark Dugtrio,Team Rocket,Rare,LP/MP,MP,unlimited_confirmed,NO,NOT_APPLICABLE,YES,NO,HIGH,Manually checked; no 1st Edition stamp found. Treat as Unlimited.,,,bulk_or_lot,NO,fixed_by_card_number_api,0.1461,B01-C032,output/first_edition_review_crops_clean/B01-C101__Team Rocket__23_82__Dark Dugtrio.jpg,Unlimited,Pokemon Dark Dugtrio 23/82 Team Rocket Unlimited MP,,,0.99,2.50,3.75,2.50,APIFY_SOLD_COMPS_PRIORITY_CARD,Pokemon Dark Dugtrio 23/82 Team Rocket LP/MP,"Dark Dugtrio 23/82 from Team Rocket.
Variant: Unlimited.
Condition estimate: LP/MP. See front and back photos for exact condition.
Raw card, not graded.",Pokemon WOTC Team Rocket Pick your card! Near Mint - MP || Pokémon TCG Dark Dugtrio Team Rocket 23/82 Regular Unlimited Rare MP || Pokémon Dark Dugtrio Team Rocket Rare Wizards 23/82 Unlimited English 2000 50 HP || Team Rocket #23/82 Dark Dugtrio (23) || 2000 Pokemon Team Rocket Dark Dugtrio #23/82 || Dark Dugtrio 23/82 Non Holo Rare Team Rocket Pokémon Card || Dark Dugtrio 23/82 Non Holo Rare Team Rocket Pokémon Card || 2000 Pokemon Team Rocket Dark Dugtrio #23/82 || DARK DUGTRIO 23/82 VINTAGE RARE TEAM ROCKET POKEMON HP || Pokémon Dark Dugtrio Non Holo Rare Team Rocket 23/82 LP,0.99 | 1.34 | 1.90 | 2.00 | 2.25 | 2.99 | 2.99 | 3.25 | 3.49 | 3.75
B01-C102,cards/binder_1/card_102_front.jpg,cards/binder_1/card_102_back.jpg,51/102,Koffing,Base,Common,LP/MP,MP,base_unlimited_confirmed,NO,NO,YES,NO,HIGH,Base Unlimited confirmed; no Shadowless marker found.,,,bulk,NO,vision_full_card_api_validated,0.3114,B01-C057,output/first_edition_review_crops_clean/B01-C102__Base__51_102__Koffing.jpg,Unlimited,Pokemon Koffing 51/102 Base Unlimited MP,0.78,TCGPLAYER_MARKET,,,,0.55,TCG_API_REFERENCE_ESTIMATE_70_PERCENT_FOR_LP_MP,Pokemon Koffing 51/102 Base LP/MP,"Koffing 51/102 from Base.
Variant: Unlimited.
Condition estimate: LP/MP. See front and back photos for exact condition.
Raw card, not graded.",,
B01-C103,cards/binder_1/card_103_front.jpg,cards/binder_1/card_103_back.jpg,49/82,Abra,Team Rocket,Common,LP/MP,MP,unlimited_confirmed,NO,NOT_APPLICABLE,YES,NO,HIGH,Manually checked; no 1st Edition stamp found. Treat as Unlimited.,,,bulk,NO,vision_full_card_api_validated,0.4866,B01-C057,output/first_edition_review_crops_clean/B01-C103__Team Rocket__49_82__Abra.jpg,Unlimited,Pokemon Abra 49/82 Team Rocket Unlimited MP,,NO_TCG_PRICE,,,,,NO_TCG_PRICE,Pokemon Abra 49/82 Team Rocket LP/MP,"Abra 49/82 from Team Rocket.
Variant: Unlimited.
Condition estimate: LP/MP. See front and back photos for exact condition.
Raw card, not graded.",,
B01-C104,cards/binder_1/card_104_front.jpg,cards/binder_1/card_104_back.jpg,61/64,Rhyhorn,Jungle,Common,LP/MP,MP,unlimited_confirmed,NO,NOT_APPLICABLE,YES,NO,HIGH,Manually checked; no 1st Edition stamp found. Treat as Unlimited.,,,bulk,NO,vision_full_card_api_validated,0.3714,B01-C057,output/first_edition_review_crops_clean/B01-C104__Jungle__61_64__Rhyhorn.jpg,Unlimited,Pokemon Rhyhorn 61/64 Jungle Unlimited MP,,NO_TCG_PRICE,,,,,NO_TCG_PRICE,Pokemon Rhyhorn 61/64 Jungle LP/MP,"Rhyhorn 61/64 from Jungle.
Variant: Unlimited.
Condition estimate: LP/MP. See front and back photos for exact condition.
Raw card, not graded.",,
B01-C105,cards/binder_1/card_105_front.jpg,cards/binder_1/card_105_back.jpg,50/102,Gastly,Base,Common,LP/MP,MP,base_unlimited_confirmed,NO,NO,YES,NO,HIGH,Base Unlimited confirmed; no Shadowless marker found.,,,bulk,NO,vision_full_card_api_validated,0.3287,B01-C057,output/first_edition_review_crops_clean/B01-C105__Base__50_102__Gastly.jpg,Unlimited,Pokemon Gastly 50/102 Base Unlimited MP,0.94,TCGPLAYER_MARKET,,,,0.66,TCG_API_REFERENCE_ESTIMATE_70_PERCENT_FOR_LP_MP,Pokemon Gastly 50/102 Base LP/MP,"Gastly 50/102 from Base.
Variant: Unlimited.
Condition estimate: LP/MP. See front and back photos for exact condition.
Raw card, not graded.",,
B01-C106,cards/binder_1/card_106_front.jpg,cards/binder_1/card_106_back.jpg,66/102,Tangela,Base,Common,LP/MP,MP,base_unlimited_confirmed,NO,NO,YES,NO,HIGH,Base Unlimited confirmed; no Shadowless marker found.,,,bulk,NO,vision_full_card_api_validated,0.2808,B01-C110,output/first_edition_review_crops_clean/B01-C106__Base__66_102__Tangela.jpg,Unlimited,Pokemon Tangela 66/102 Base Unlimited MP,1.17,TCGPLAYER_MARKET,,,,0.82,TCG_API_REFERENCE_ESTIMATE_70_PERCENT_FOR_LP_MP,Pokemon Tangela 66/102 Base LP/MP,"Tangela 66/102 from Base.
Variant: Unlimited.
Condition estimate: LP/MP. See front and back photos for exact condition.
Raw card, not graded.",,
B01-C107,cards/binder_1/card_107_front.jpg,cards/binder_1/card_107_back.jpg,59/102,Poliwag,Base,Common,LP/MP,MP,base_unlimited_confirmed,NO,NO,YES,NO,HIGH,Base Unlimited confirmed; no Shadowless marker found.,,,bulk,NO,vision_full_card_api_validated,0.2759,B01-C032,output/first_edition_review_crops_clean/B01-C107__Base__59_102__Poliwag.jpg,Unlimited,Pokemon Poliwag 59/102 Base Unlimited MP,0.65,TCGPLAYER_MARKET,,,,0.45,TCG_API_REFERENCE_ESTIMATE_70_PERCENT_FOR_LP_MP,Pokemon Poliwag 59/102 Base LP/MP,"Poliwag 59/102 from Base.
Variant: Unlimited.
Condition estimate: LP/MP. See front and back photos for exact condition.
Raw card, not graded.",,
B01-C108,cards/binder_1/card_108_front.jpg,cards/binder_1/card_108_back.jpg,52/64,Exeggcute,Jungle,Common,LP/MP,MP,unlimited_confirmed,NO,NOT_APPLICABLE,YES,NO,HIGH,Manually checked; no 1st Edition stamp found. Treat as Unlimited.,,,bulk,NO,vision_full_card_api_validated,0.2688,B01-C057,output/first_edition_review_crops_clean/B01-C108__Jungle__52_64__Exeggcute.jpg,Unlimited,Pokemon Exeggcute 52/64 Jungle Unlimited MP,,NO_TCG_PRICE,,,,,NO_TCG_PRICE,Pokemon Exeggcute 52/64 Jungle LP/MP,"Exeggcute 52/64 from Jungle.
Variant: Unlimited.
Condition estimate: LP/MP. See front and back photos for exact condition.
Raw card, not graded.",,
B01-C109,cards/binder_1/card_109_front.jpg,cards/binder_1/card_109_back.jpg,43/82,Dark Primeape,Team Rocket,Uncommon,LP/MP,MP,unlimited_confirmed,NO,NOT_APPLICABLE,YES,NO,HIGH,Manually checked; no 1st Edition stamp found. Treat as Unlimited.,,,bulk,NO,fixed_by_card_number_api,0.0632,B01-C057,output/first_edition_review_crops_clean/B01-C109__Team Rocket__43_82__Dark Primeape.jpg,Unlimited,Pokemon Dark Primeape 43/82 Team Rocket Unlimited MP,,NO_TCG_PRICE,,,,,NO_TCG_PRICE,Pokemon Dark Primeape 43/82 Team Rocket LP/MP,"Dark Primeape 43/82 from Team Rocket.
Variant: Unlimited.
Condition estimate: LP/MP. See front and back photos for exact condition.
Raw card, not graded.",,
B01-C110,cards/binder_1/card_110_front.jpg,cards/binder_1/card_110_back.jpg,52/64,Exeggcute,Jungle,Common,LP/MP,MP,first_edition_confirmed,YES,NOT_APPLICABLE,NO,NO,HIGH,Confirmed from top-100 first-edition review PDF; first 16 rows only.,,,single_or_1st_ed_group,NO,vision_full_card_api_validated,1.0000,B01-C110,output/first_edition_review_crops_clean/B01-C110__Jungle__52_64__Exeggcute.jpg,1st Edition,Pokemon Exeggcute 52/64 Jungle 1st Edition MP,,,0.73,1.21,1.90,1.49,APIFY_SOLD_COMPS_PRIORITY_CARD,Pokemon Exeggcute 52/64 Jungle 1st Edition LP/MP,"Exeggcute 52/64 from Jungle.
Variant: 1st Edition.
Condition estimate: LP/MP. See front and back photos for exact condition.
Raw card, not graded.","Pokemon TCG  - Jungle 1st ed. (1999) Pick Your Card, Complete Your Set NM-HP || Pokemon TCG Jungle Set: Choose Your Card! LP to HP || Pokémon Jungle Set 1st Edition Regular Finish Exeggcute 52/64 - Pokemon || 1999 - Pokemon TCG - Jungle Set - Pick Your WOTC Card (s) - 1st Ed & Unlimited || 1st Edition Pokemon Exeggcute 52/64 Jungle Regular || Exeggcute 52/64 Jungle Pokemon - LP || Exeggcute 52/64 Jungle 1st Edition HP || Exeggcute 52/64 Jungle 1st Edition Pokemon Card || Exeggcute 52/64 Jungle Regular 1st Edition  NM || 6 x Exeggcute 52/64 - Pokemon Jungle",0.73 | 0.99 | 0.99 | 0.99 | 1.00 | 1.10 | 1.29 | 1.45 | 1.65 | 1.90
B01-C111,cards/binder_1/card_111_front.jpg,cards/binder_1/card_111_back.jpg,53/62,Psyduck,Fossil,Common,LP/MP,MP,unlimited_confirmed,NO,NOT_APPLICABLE,YES,NO,HIGH,Manually checked; no 1st Edition stamp found. Treat as Unlimited.,,,bulk,NO,vision_full_card_api_validated,0.2157,B01-C032,output/first_edition_review_crops_clean/B01-C111__Fossil__53_62__Psyduck.jpg,Unlimited,Pokemon Psyduck 53/62 Fossil Unlimited MP,,NO_TCG_PRICE,,,,,NO_TCG_PRICE,Pokemon Psyduck 53/62 Fossil LP/MP,"Psyduck 53/62 from Fossil.
Variant: Unlimited.
Condition estimate: LP/MP. See front and back photos for exact condition.
Raw card, not graded.",,
B01-C112,cards/binder_1/card_112_front.jpg,cards/binder_1/card_112_back.jpg,59/102,Poliwag,Base,Common,LP/MP,MP,base_unlimited_confirmed,NO,NO,YES,NO,HIGH,Base Unlimited confirmed; no Shadowless marker found.,,,bulk,NO,vision_full_card_api_validated,0.1844,B01-C032,output/first_edition_review_crops_clean/B01-C112__Base__59_102__Poliwag.jpg,Unlimited,Pokemon Poliwag 59/102 Base Unlimited MP,0.65,TCGPLAYER_MARKET,,,,0.45,TCG_API_REFERENCE_ESTIMATE_70_PERCENT_FOR_LP_MP,Pokemon Poliwag 59/102 Base LP/MP,"Poliwag 59/102 from Base.
Variant: Unlimited.
Condition estimate: LP/MP. See front and back photos for exact condition.
Raw card, not graded.",,
B01-C113,cards/binder_1/card_113_front.jpg,cards/binder_1/card_113_back.jpg,50/64,Cubone,Jungle,Common,LP/MP,MP,unlimited_confirmed,NO,NOT_APPLICABLE,YES,NO,HIGH,Manually checked; no 1st Edition stamp found. Treat as Unlimited.,,,bulk,NO,vision_full_card_api_validated,0.2333,B01-C057,output/first_edition_review_crops_clean/B01-C113__Jungle__50_64__Cubone.jpg,Unlimited,Pokemon Cubone 50/64 Jungle Unlimited MP,,NO_TCG_PRICE,,,,,NO_TCG_PRICE,Pokemon Cubone 50/64 Jungle LP/MP,"Cubone 50/64 from Jungle.
Variant: Unlimited.
Condition estimate: LP/MP. See front and back photos for exact condition.
Raw card, not graded.",,
B01-C114,cards/binder_1/card_114_front.jpg,cards/binder_1/card_114_back.jpg,88/130,Poliwag,Base Set 2,Common,LP/MP,MP,unlimited_or_normal,NO,NOT_APPLICABLE,YES,NO,MEDIUM,No special 1st Edition/Shadowless variant expected.,,,bulk,NO,vision_full_card_api_validated,,,,Unlimited,Pokemon Poliwag 88/130 Base Set 2 Unlimited MP,0.51,TCGPLAYER_MARKET,,,,0.36,TCG_API_REFERENCE_ESTIMATE_70_PERCENT_FOR_LP_MP,Pokemon Poliwag 88/130 Base Set 2 LP/MP,"Poliwag 88/130 from Base Set 2.
Variant: Unlimited.
Condition estimate: LP/MP. See front and back photos for exact condition.
Raw card, not graded.",,
B01-C115,cards/binder_1/card_115_front.jpg,cards/binder_1/card_115_back.jpg,47/82,Magikarp,Team Rocket,Uncommon,LP/MP,MP,unlimited_confirmed,NO,NOT_APPLICABLE,YES,NO,HIGH,Manually checked; no 1st Edition stamp found. Treat as Unlimited.,,,bulk,NO,vision_full_card_api_validated,0.2429,B01-C032,output/first_edition_review_crops_clean/B01-C115__Team Rocket__47_82__Magikarp.jpg,Unlimited,Pokemon Magikarp 47/82 Team Rocket Unlimited MP,,NO_TCG_PRICE,,,,,NO_TCG_PRICE,Pokemon Magikarp 47/82 Team Rocket LP/MP,"Magikarp 47/82 from Team Rocket.
Variant: Unlimited.
Condition estimate: LP/MP. See front and back photos for exact condition.
Raw card, not graded.",,
B01-C116,cards/binder_1/card_116_front.jpg,cards/binder_1/card_116_back.jpg,41/62,Sandslash,Fossil,Uncommon,LP/MP,MP,unlimited_confirmed,NO,NOT_APPLICABLE,YES,NO,HIGH,Manually checked; no 1st Edition stamp found. Treat as Unlimited.,,,bulk,NO,vision_full_card_api_validated,0.3525,B01-C032,output/first_edition_review_crops_clean/B01-C116__Fossil__41_62__Sandslash.jpg,Unlimited,Pokemon Sandslash 41/62 Fossil Unlimited MP,,NO_TCG_PRICE,,,,,NO_TCG_PRICE,Pokemon Sandslash 41/62 Fossil LP/MP,"Sandslash 41/62 from Fossil.
Variant: Unlimited.
Condition estimate: LP/MP. See front and back photos for exact condition.
Raw card, not graded.",,
B01-C117,cards/binder_1/card_117_front.jpg,cards/binder_1/card_117_back.jpg,55/64,Mankey,Jungle,Common,LP/MP,MP,unlimited_confirmed,NO,NOT_APPLICABLE,YES,NO,HIGH,Manually checked; no 1st Edition stamp found. Treat as Unlimited.,,,bulk,NO,vision_full_card_api_validated,0.2448,B01-C032,output/first_edition_review_crops_clean/B01-C117__Jungle__55_64__Mankey.jpg,Unlimited,Pokemon Mankey 55/64 Jungle Unlimited MP,,NO_TCG_PRICE,,,,,NO_TCG_PRICE,Pokemon Mankey 55/64 Jungle LP/MP,"Mankey 55/64 from Jungle.
Variant: Unlimited.
Condition estimate: LP/MP. See front and back photos for exact condition.
Raw card, not graded.",,
B01-C118,cards/binder_1/card_118_front.jpg,cards/binder_1/card_118_back.jpg,48/82,Porygon,Team Rocket,Uncommon,LP/MP,MP,unlimited_confirmed,NO,NOT_APPLICABLE,YES,NO,HIGH,Manually checked; no 1st Edition stamp found. Treat as Unlimited.,,,bulk,NO,vision_full_card_api_validated,0.0630,B01-C032,output/first_edition_review_crops_clean/B01-C118__Team Rocket__48_82__Porygon.jpg,Unlimited,Pokemon Porygon 48/82 Team Rocket Unlimited MP,,NO_TCG_PRICE,,,,,NO_TCG_PRICE,Pokemon Porygon 48/82 Team Rocket LP/MP,"Porygon 48/82 from Team Rocket.
Variant: Unlimited.
Condition estimate: LP/MP. See front and back photos for exact condition.
Raw card, not graded.",,
B01-C119,cards/binder_1/card_119_front.jpg,cards/binder_1/card_119_back.jpg,62/64,Spearow,Jungle,Common,LP/MP,MP,unlimited_confirmed,NO,NOT_APPLICABLE,YES,NO,HIGH,Manually checked; no 1st Edition stamp found. Treat as Unlimited.,,,bulk,NO,vision_full_card_api_validated,-0.0216,B01-C110,output/first_edition_review_crops_clean/B01-C119__Jungle__62_64__Spearow.jpg,Unlimited,Pokemon Spearow 62/64 Jungle Unlimited MP,,NO_TCG_PRICE,,,,,NO_TCG_PRICE,Pokemon Spearow 62/64 Jungle LP/MP,"Spearow 62/64 from Jungle.
Variant: Unlimited.
Condition estimate: LP/MP. See front and back photos for exact condition.
Raw card, not graded.",,
B01-C120,cards/binder_1/card_120_front.jpg,cards/binder_1/card_120_back.jpg,38/64,Lickitung,Jungle,Uncommon,LP/MP,MP,unlimited_confirmed,NO,NOT_APPLICABLE,YES,NO,HIGH,Manually checked; no 1st Edition stamp found. Treat as Unlimited.,,,bulk,NO,vision_full_card_api_validated,-0.1093,B01-C032,output/first_edition_review_crops_clean/B01-C120__Jungle__38_64__Lickitung.jpg,Unlimited,Pokemon Lickitung 38/64 Jungle Unlimited MP,,NO_TCG_PRICE,,,,,NO_TCG_PRICE,Pokemon Lickitung 38/64 Jungle LP/MP,"Lickitung 38/64 from Jungle.
Variant: Unlimited.
Condition estimate: LP/MP. See front and back photos for exact condition.
Raw card, not graded.",,
B01-C121,cards/binder_1/card_121_front.jpg,cards/binder_1/card_121_back.jpg,36/62,Golem,Fossil,Uncommon,LP/MP,MP,unlimited_confirmed,NO,NOT_APPLICABLE,YES,NO,HIGH,Manually checked; no 1st Edition stamp found. Treat as Unlimited.,,,bulk,NO,vision_full_card_api_validated,0.2638,B01-C032,output/first_edition_review_crops_clean/B01-C121__Fossil__36_62__Golem.jpg,Unlimited,Pokemon Golem 36/62 Fossil Unlimited MP,,NO_TCG_PRICE,,,,,NO_TCG_PRICE,Pokemon Golem 36/62 Fossil LP/MP,"Golem 36/62 from Fossil.
Variant: Unlimited.
Condition estimate: LP/MP. See front and back photos for exact condition.
Raw card, not graded.",,
B01-C122,cards/binder_1/card_122_front.jpg,cards/binder_1/card_122_back.jpg,48/62,Grimer,Fossil,Common,LP/MP,MP,unlimited_confirmed,NO,NOT_APPLICABLE,YES,NO,HIGH,Manually checked; no 1st Edition stamp found. Treat as Unlimited.,,,bulk,NO,vision_full_card_api_validated,0.4145,B01-C032,output/first_edition_review_crops_clean/B01-C122__Fossil__48_62__Grimer.jpg,Unlimited,Pokemon Grimer 48/62 Fossil Unlimited MP,,NO_TCG_PRICE,,,,,NO_TCG_PRICE,Pokemon Grimer 48/62 Fossil LP/MP,"Grimer 48/62 from Fossil.
Variant: Unlimited.
Condition estimate: LP/MP. See front and back photos for exact condition.
Raw card, not graded.",,
B01-C123,cards/binder_1/card_123_front.jpg,cards/binder_1/card_123_back.jpg,24/64,Pidgeot,Jungle,Rare,LP/MP,MP,unlimited_confirmed,NO,NOT_APPLICABLE,YES,NO,HIGH,Manually checked; no 1st Edition stamp found. Treat as Unlimited.,,,bulk_or_lot,NO,vision_full_card_api_validated,-0.0741,B01-C110,output/first_edition_review_crops_clean/B01-C123__Jungle__24_64__Pidgeot.jpg,Unlimited,Pokemon Pidgeot 24/64 Jungle Unlimited MP,,,1.00,2.59,3.39,2.59,APIFY_SOLD_COMPS_PRIORITY_CARD,Pokemon Pidgeot 24/64 Jungle LP/MP,"Pidgeot 24/64 from Jungle.
Variant: Unlimited.
Condition estimate: LP/MP. See front and back photos for exact condition.
Raw card, not graded.",Pidgeot Jungle 8/64 - Jungle - Holo Rare || 1999 Pokemon Jungle Set Unlimited Near Mint/LP VINTAGE -Pick Your Card! Free Shp || 1999 Pokemon Pidgeot Rare Jungle 24/64 Unlimited DMG || Pidgeot 24/64 Jungle Set Rare Regular 1999 WOTC Pokemon TCG MP || Pidgeot 24/64 - Jungle - Rare - Pokémon TCG || Pokemon TCG Jungle Pidgeot Rare 24/64 || Pidgeot (24) 24/64 Unlimited Rare Jungle || Pokemon TCG - Jungle - Pidgeot #24/64 || Pokemon TCG Pidgeot 24/64 Jungle Rare Non Holo WOTC Vintage 1999 MP || Pidgeot Jungle 24/64 Rare Unlimited Regular WOTC Vintage Pokemon Card,1.00 | 1.60 | 2.00 | 2.75 | 2.99 | 2.99 | 2.99 | 3.00 | 3.15 | 3.39
B01-C124,cards/binder_1/card_124_front.jpg,cards/binder_1/card_124_back.jpg,65/102,Staryu,Base,Common,LP/MP,MP,base_unlimited_confirmed,NO,NO,YES,NO,HIGH,Base Unlimited confirmed; no Shadowless marker found.,,,bulk,NO,vision_full_card_api_validated,0.2604,B01-C057,output/first_edition_review_crops_clean/B01-C124__Base__65_102__Staryu.jpg,Unlimited,Pokemon Staryu 65/102 Base Unlimited MP,0.61,TCGPLAYER_MARKET,,,,0.43,TCG_API_REFERENCE_ESTIMATE_70_PERCENT_FOR_LP_MP,Pokemon Staryu 65/102 Base LP/MP,"Staryu 65/102 from Base.
Variant: Unlimited.
Condition estimate: LP/MP. See front and back photos for exact condition.
Raw card, not graded.",,
B01-C125,cards/binder_1/card_125_front.jpg,cards/binder_1/card_125_back.jpg,40/64,Nidorina,Jungle,Uncommon,LP/MP,MP,unlimited_confirmed,NO,NOT_APPLICABLE,YES,NO,HIGH,Manually checked; no 1st Edition stamp found. Treat as Unlimited.,,,bulk,NO,vision_full_card_api_validated,0.2734,B01-C032,output/first_edition_review_crops_clean/B01-C125__Jungle__40_64__Nidorina.jpg,Unlimited,Pokemon Nidorina 40/64 Jungle Unlimited MP,,NO_TCG_PRICE,,,,,NO_TCG_PRICE,Pokemon Nidorina 40/64 Jungle LP/MP,"Nidorina 40/64 from Jungle.
Variant: Unlimited.
Condition estimate: LP/MP. See front and back photos for exact condition.
Raw card, not graded.",,
B01-C126,cards/binder_1/card_126_front.jpg,cards/binder_1/card_126_back.jpg,57/64,Nidoran♀,Jungle,Common,LP/MP,MP,unlimited_confirmed,NO,NOT_APPLICABLE,YES,NO,HIGH,Manually checked; no 1st Edition stamp found. Treat as Unlimited.,,,bulk,NO,fixed_from_saved_vision_or_visual_confirmation,0.2543,B01-C110,output/first_edition_review_crops_clean/B01-C126__Jungle__57_64__Nidoran_.jpg,Unlimited,Pokemon Nidoran♀ 57/64 Jungle Unlimited MP,,NO_TCG_MATCH,,,,,NO_TCG_MATCH,Pokemon Nidoran♀ 57/64 Jungle LP/MP,"Nidoran♀ 57/64 from Jungle.
Variant: Unlimited.
Condition estimate: LP/MP. See front and back photos for exact condition.
Raw card, not graded.",,
B01-C127,cards/binder_1/card_127_front.jpg,cards/binder_1/card_127_back.jpg,49/62,Horsea,Fossil,Common,LP/MP,MP,unlimited_confirmed,NO,NOT_APPLICABLE,YES,NO,HIGH,Manually checked; no 1st Edition stamp found. Treat as Unlimited.,,,bulk,NO,vision_full_card_api_validated,0.2496,B01-C032,output/first_edition_review_crops_clean/B01-C127__Fossil__49_62__Horsea.jpg,Unlimited,Pokemon Horsea 49/62 Fossil Unlimited MP,,NO_TCG_PRICE,,,,,NO_TCG_PRICE,Pokemon Horsea 49/62 Fossil LP/MP,"Horsea 49/62 from Fossil.
Variant: Unlimited.
Condition estimate: LP/MP. See front and back photos for exact condition.
Raw card, not graded.",,
B01-C128,cards/binder_1/card_128_front.jpg,cards/binder_1/card_128_back.jpg,41/62,Sandslash,Fossil,Uncommon,LP/MP,MP,unlimited_confirmed,NO,NOT_APPLICABLE,YES,NO,HIGH,Manually checked; no 1st Edition stamp found. Treat as Unlimited.,,,bulk,NO,vision_full_card_api_validated,0.2719,B01-C057,output/first_edition_review_crops_clean/B01-C128__Fossil__41_62__Sandslash.jpg,Unlimited,Pokemon Sandslash 41/62 Fossil Unlimited MP,,NO_TCG_PRICE,,,,,NO_TCG_PRICE,Pokemon Sandslash 41/62 Fossil LP/MP,"Sandslash 41/62 from Fossil.
Variant: Unlimited.
Condition estimate: LP/MP. See front and back photos for exact condition.
Raw card, not graded.",,
B01-C129,cards/binder_1/card_129_front.jpg,cards/binder_1/card_129_back.jpg,45/64,Rhydon,Jungle,Uncommon,LP/MP,MP,unlimited_confirmed,NO,NOT_APPLICABLE,YES,NO,HIGH,Manually checked; no 1st Edition stamp found. Treat as Unlimited.,,,bulk,NO,vision_full_card_api_validated,0.3002,B01-C057,output/first_edition_review_crops_clean/B01-C129__Jungle__45_64__Rhydon.jpg,Unlimited,Pokemon Rhydon 45/64 Jungle Unlimited MP,,NO_TCG_PRICE,,,,,NO_TCG_PRICE,Pokemon Rhydon 45/64 Jungle LP/MP,"Rhydon 45/64 from Jungle.
Variant: Unlimited.
Condition estimate: LP/MP. See front and back photos for exact condition.
Raw card, not graded.",,
B01-C130,cards/binder_1/card_130_front.jpg,cards/binder_1/card_130_back.jpg,54/62,Shellder,Fossil,Common,LP/MP,MP,unlimited_confirmed,NO,NOT_APPLICABLE,YES,NO,HIGH,Manually checked; no 1st Edition stamp found. Treat as Unlimited.,,,bulk,NO,vision_full_card_api_validated,0.2971,B01-C032,output/first_edition_review_crops_clean/B01-C130__Fossil__54_62__Shellder.jpg,Unlimited,Pokemon Shellder 54/62 Fossil Unlimited MP,,NO_TCG_PRICE,,,,,NO_TCG_PRICE,Pokemon Shellder 54/62 Fossil LP/MP,"Shellder 54/62 from Fossil.
Variant: Unlimited.
Condition estimate: LP/MP. See front and back photos for exact condition.
Raw card, not graded.",,
B01-C131,cards/binder_1/card_131_front.jpg,cards/binder_1/card_131_back.jpg,52/64,Exeggcute,Jungle,Common,LP/MP,MP,unlimited_confirmed,NO,NOT_APPLICABLE,YES,NO,HIGH,Manually checked; no 1st Edition stamp found. Treat as Unlimited.,,,bulk,NO,vision_full_card_api_validated,0.4074,B01-C110,output/first_edition_review_crops_clean/B01-C131__Jungle__52_64__Exeggcute.jpg,Unlimited,Pokemon Exeggcute 52/64 Jungle Unlimited MP,,NO_TCG_PRICE,,,,,NO_TCG_PRICE,Pokemon Exeggcute 52/64 Jungle LP/MP,"Exeggcute 52/64 from Jungle.
Variant: Unlimited.
Condition estimate: LP/MP. See front and back photos for exact condition.
Raw card, not graded.",,
B01-C132,cards/binder_1/card_132_front.jpg,cards/binder_1/card_132_back.jpg,62/102,Sandshrew,Base,Common,LP/MP,MP,base_unlimited_confirmed,NO,NO,YES,NO,HIGH,Base Unlimited confirmed; no Shadowless marker found.,,,bulk,NO,vision_full_card_api_validated,0.2867,B01-C057,output/first_edition_review_crops_clean/B01-C132__Base__62_102__Sandshrew.jpg,Unlimited,Pokemon Sandshrew 62/102 Base Unlimited MP,0.88,TCGPLAYER_MARKET,,,,0.62,TCG_API_REFERENCE_ESTIMATE_70_PERCENT_FOR_LP_MP,Pokemon Sandshrew 62/102 Base LP/MP,"Sandshrew 62/102 from Base.
Variant: Unlimited.
Condition estimate: LP/MP. See front and back photos for exact condition.
Raw card, not graded.",,
B01-C133,cards/binder_1/card_133_front.jpg,cards/binder_1/card_133_back.jpg,59/64,Paras,Jungle,Common,LP/MP,MP,unlimited_confirmed,NO,NOT_APPLICABLE,YES,NO,HIGH,Manually checked; no 1st Edition stamp found. Treat as Unlimited.,,,bulk,NO,vision_full_card_api_validated,0.3561,B01-C110,output/first_edition_review_crops_clean/B01-C133__Jungle__59_64__Paras.jpg,Unlimited,Pokemon Paras 59/64 Jungle Unlimited MP,,NO_TCG_PRICE,,,,,NO_TCG_PRICE,Pokemon Paras 59/64 Jungle LP/MP,"Paras 59/64 from Jungle.
Variant: Unlimited.
Condition estimate: LP/MP. See front and back photos for exact condition.
Raw card, not graded.",,
B01-C134,cards/binder_1/card_134_front.jpg,cards/binder_1/card_134_back.jpg,55/62,Slowpoke,Fossil,Common,LP/MP,MP,unlimited_confirmed,NO,NOT_APPLICABLE,YES,NO,HIGH,Manually checked; no 1st Edition stamp found. Treat as Unlimited.,,,bulk,NO,vision_full_card_api_validated,0.4555,B01-C057,output/first_edition_review_crops_clean/B01-C134__Fossil__55_62__Slowpoke.jpg,Unlimited,Pokemon Slowpoke 55/62 Fossil Unlimited MP,,NO_TCG_PRICE,,,,,NO_TCG_PRICE,Pokemon Slowpoke 55/62 Fossil LP/MP,"Slowpoke 55/62 from Fossil.
Variant: Unlimited.
Condition estimate: LP/MP. See front and back photos for exact condition.
Raw card, not graded.",,
B01-C135,cards/binder_1/card_135_front.jpg,cards/binder_1/card_135_back.jpg,49/130,Machoke,Base Set 2,Uncommon,LP/MP,MP,unlimited_or_normal,NO,NOT_APPLICABLE,YES,NO,MEDIUM,No special 1st Edition/Shadowless variant expected.,,,bulk,NO,vision_full_card_api_validated,,,,Unlimited,Pokemon Machoke 49/130 Base Set 2 Unlimited MP,0.72,TCGPLAYER_MARKET,,,,0.50,TCG_API_REFERENCE_ESTIMATE_70_PERCENT_FOR_LP_MP,Pokemon Machoke 49/130 Base Set 2 LP/MP,"Machoke 49/130 from Base Set 2.
Variant: Unlimited.
Condition estimate: LP/MP. See front and back photos for exact condition.
Raw card, not graded.",,
B01-C136,cards/binder_1/card_136_front.jpg,cards/binder_1/card_136_back.jpg,59/102,Poliwag,Base,Common,LP/MP,MP,base_unlimited_confirmed,NO,NO,YES,NO,HIGH,Base Unlimited confirmed; no Shadowless marker found.,,,bulk,NO,vision_full_card_api_validated,0.2102,B01-C032,output/first_edition_review_crops_clean/B01-C136__Base__59_102__Poliwag.jpg,Unlimited,Pokemon Poliwag 59/102 Base Unlimited MP,0.65,TCGPLAYER_MARKET,,,,0.45,TCG_API_REFERENCE_ESTIMATE_70_PERCENT_FOR_LP_MP,Pokemon Poliwag 59/102 Base LP/MP,"Poliwag 59/102 from Base.
Variant: Unlimited.
Condition estimate: LP/MP. See front and back photos for exact condition.
Raw card, not graded.",,
B01-C137,cards/binder_1/card_137_front.jpg,cards/binder_1/card_137_back.jpg,50/62,Kabuto,Fossil,Common,LP/MP,MP,unlimited_confirmed,NO,NOT_APPLICABLE,YES,NO,HIGH,Manually checked; no 1st Edition stamp found. Treat as Unlimited.,,,bulk,NO,vision_full_card_api_validated,0.3028,B01-C110,output/first_edition_review_crops_clean/B01-C137__Fossil__50_62__Kabuto.jpg,Unlimited,Pokemon Kabuto 50/62 Fossil Unlimited MP,,NO_TCG_PRICE,,,,,NO_TCG_PRICE,Pokemon Kabuto 50/62 Fossil LP/MP,"Kabuto 50/62 from Fossil.
Variant: Unlimited.
Condition estimate: LP/MP. See front and back photos for exact condition.
Raw card, not graded.",,
B01-C138,cards/binder_1/card_138_front.jpg,cards/binder_1/card_138_back.jpg,57/111,Cyndaquil,Neo Genesis,Common,LP/MP,MP,unlimited_or_normal,NO,NOT_APPLICABLE,YES,NO,MEDIUM,No special 1st Edition/Shadowless variant expected.,,,bulk,NO,fixed_from_saved_vision_or_visual_confirmation,,,,Unlimited,Pokemon Cyndaquil 57/111 Neo Genesis Unlimited MP,,NO_TCG_PRICE,,,,,NO_TCG_PRICE,Pokemon Cyndaquil 57/111 Neo Genesis LP/MP,"Cyndaquil 57/111 from Neo Genesis.
Variant: Unlimited.
Condition estimate: LP/MP. See front and back photos for exact condition.
Raw card, not graded.",,
B01-C139,cards/binder_1/card_139_front.jpg,cards/binder_1/card_139_back.jpg,59/64,Paras,Jungle,Common,LP/MP,MP,unlimited_confirmed,NO,NOT_APPLICABLE,YES,NO,HIGH,Manually checked; no 1st Edition stamp found. Treat as Unlimited.,,,bulk,NO,vision_full_card_api_validated,0.3744,B01-C032,output/first_edition_review_crops_clean/B01-C139__Jungle__59_64__Paras.jpg,Unlimited,Pokemon Paras 59/64 Jungle Unlimited MP,,NO_TCG_PRICE,,,,,NO_TCG_PRICE,Pokemon Paras 59/64 Jungle LP/MP,"Paras 59/64 from Jungle.
Variant: Unlimited.
Condition estimate: LP/MP. See front and back photos for exact condition.
Raw card, not graded.",,
B01-C140,cards/binder_1/card_140_front.jpg,cards/binder_1/card_140_back.jpg,19/102,Dugtrio,HS—Triumphant,Rare,LP/MP,MP,unlimited_or_normal,NO,NOT_APPLICABLE,YES,NO,MEDIUM,No special 1st Edition/Shadowless variant expected.,,,bulk_or_lot,NO,vision_full_card_api_validated,,,,Unlimited,Pokemon Dugtrio 19/102 HS—Triumphant Unlimited MP,,,0.85,1.32,1.92,1.32,APIFY_SOLD_COMPS_PRIORITY_CARD,Pokemon Dugtrio 19/102 HS—Triumphant LP/MP,"Dugtrio 19/102 from HS—Triumphant.
Variant: Unlimited.
Condition estimate: LP/MP. See front and back photos for exact condition.
Raw card, not graded.",1999 Pokemon Base Set: Choose Your Card! All Cards Available- FREE SHIPPING || Carta Pokemon DUGTRIO 19/102 Set Base Rara ITA 70PV 1999 Talpa Chamfer 1 Card || Carta Pokemon DUGTRIO 19/102 Set Base Rara ITA 70PV 1999 Talpa Chamfer 1 Card || DUGTRIO 1999 POKEMON BASE SET 19/102 RARE HOLO STAGE 1 FIGHTING Q3478 A || Pokemon base set cards at bargain prices for quantity purchases pick your card || Pokemon TCG Base Set Pokémon Trading Card Singles Wizards of The Coast || 1999 Pokemon Base Set - Authentic Cards - FREE SHIPPING || 1999 Pokemon Base Set: Choose Your Card! All Cards Available - 100% Authentic || Dugtrio 19/102 Rare Base Set Unlimited Pokemon MP || Pokémon TCG Dugtrio Base Set Unlimited Rare Card 19/102 Near Mint NM,0.85 | 1.00 | 1.00 | 1.07 | 1.15 | 1.27 | 1.61 | 1.67 | 1.70 | 1.92
B01-C141,cards/binder_1/card_141_front.jpg,cards/binder_1/card_141_back.jpg,66/82,Rattata,Team Rocket,Common,LP/MP,MP,unlimited_confirmed,NO,NOT_APPLICABLE,YES,NO,HIGH,Manually checked; no 1st Edition stamp found. Treat as Unlimited.,,,bulk,NO,vision_full_card_api_validated,0.0204,B01-C032,output/first_edition_review_crops_clean/B01-C141__Team Rocket__66_82__Rattata.jpg,Unlimited,Pokemon Rattata 66/82 Team Rocket Unlimited MP,,NO_TCG_PRICE,,,,,NO_TCG_PRICE,Pokemon Rattata 66/82 Team Rocket LP/MP,"Rattata 66/82 from Team Rocket.
Variant: Unlimited.
Condition estimate: LP/MP. See front and back photos for exact condition.
Raw card, not graded.",,
B01-C142,cards/binder_1/card_142_front.jpg,cards/binder_1/card_142_back.jpg,34/62,Golbat,Fossil,Uncommon,LP/MP,MP,unlimited_confirmed,NO,NOT_APPLICABLE,YES,NO,HIGH,Manually checked; no 1st Edition stamp found. Treat as Unlimited.,,,bulk,NO,vision_full_card_api_validated,0.2642,B01-C032,output/first_edition_review_crops_clean/B01-C142__Fossil__34_62__Golbat.jpg,Unlimited,Pokemon Golbat 34/62 Fossil Unlimited MP,,NO_TCG_PRICE,,,,,NO_TCG_PRICE,Pokemon Golbat 34/62 Fossil LP/MP,"Golbat 34/62 from Fossil.
Variant: Unlimited.
Condition estimate: LP/MP. See front and back photos for exact condition.
Raw card, not graded.",,
B01-C143,cards/binder_1/card_143_front.jpg,cards/binder_1/card_143_back.jpg,47/82,Magikarp,Team Rocket,Uncommon,LP/MP,MP,unlimited_confirmed,NO,NOT_APPLICABLE,YES,NO,HIGH,Manually checked; no 1st Edition stamp found. Treat as Unlimited.,,,bulk,NO,vision_full_card_api_validated,0.2287,B01-C032,output/first_edition_review_crops_clean/B01-C143__Team Rocket__47_82__Magikarp.jpg,Unlimited,Pokemon Magikarp 47/82 Team Rocket Unlimited MP,,NO_TCG_PRICE,,,,,NO_TCG_PRICE,Pokemon Magikarp 47/82 Team Rocket LP/MP,"Magikarp 47/82 from Team Rocket.
Variant: Unlimited.
Condition estimate: LP/MP. See front and back photos for exact condition.
Raw card, not graded.",,
B01-C144,cards/binder_1/card_144_front.jpg,cards/binder_1/card_144_back.jpg,41/82,Dark Muk,Team Rocket,Uncommon,LP/MP,MP,unlimited_confirmed,NO,NOT_APPLICABLE,YES,NO,HIGH,Manually checked; no 1st Edition stamp found. Treat as Unlimited.,,,bulk,NO,vision_full_card_api_validated,0.1741,B01-C032,output/first_edition_review_crops_clean/B01-C144__Team Rocket__41_82__Dark Muk.jpg,Unlimited,Pokemon Dark Muk 41/82 Team Rocket Unlimited MP,,NO_TCG_PRICE,,,,,NO_TCG_PRICE,Pokemon Dark Muk 41/82 Team Rocket LP/MP,"Dark Muk 41/82 from Team Rocket.
Variant: Unlimited.
Condition estimate: LP/MP. See front and back photos for exact condition.
Raw card, not graded.",,
B01-C145,cards/binder_1/card_145_front.jpg,cards/binder_1/card_145_back.jpg,53/82,Dratini,Team Rocket,Common,LP/MP,MP,unlimited_confirmed,NO,NOT_APPLICABLE,YES,NO,HIGH,Manually checked; no 1st Edition stamp found. Treat as Unlimited.,,,bulk,NO,vision_full_card_api_validated,0.0092,B01-C110,output/first_edition_review_crops_clean/B01-C145__Team Rocket__53_82__Dratini.jpg,Unlimited,Pokemon Dratini 53/82 Team Rocket Unlimited MP,,NO_TCG_PRICE,,,,,NO_TCG_PRICE,Pokemon Dratini 53/82 Team Rocket LP/MP,"Dratini 53/82 from Team Rocket.
Variant: Unlimited.
Condition estimate: LP/MP. See front and back photos for exact condition.
Raw card, not graded.",,
B01-C146,cards/binder_1/card_146_front.jpg,cards/binder_1/card_146_back.jpg,54/62,Shellder,Fossil,Common,LP/MP,MP,unlimited_confirmed,NO,NOT_APPLICABLE,YES,NO,HIGH,Manually checked; no 1st Edition stamp found. Treat as Unlimited.,,,bulk,NO,vision_full_card_api_validated,0.2205,B01-C032,output/first_edition_review_crops_clean/B01-C146__Fossil__54_62__Shellder.jpg,Unlimited,Pokemon Shellder 54/62 Fossil Unlimited MP,,NO_TCG_PRICE,,,,,NO_TCG_PRICE,Pokemon Shellder 54/62 Fossil LP/MP,"Shellder 54/62 from Fossil.
Variant: Unlimited.
Condition estimate: LP/MP. See front and back photos for exact condition.
Raw card, not graded.",,
B01-C147,cards/binder_1/card_147_front.jpg,cards/binder_1/card_147_back.jpg,49/82,Abra,Team Rocket,Common,LP/MP,MP,unlimited_confirmed,NO,NOT_APPLICABLE,YES,NO,HIGH,Manually checked; no 1st Edition stamp found. Treat as Unlimited.,,,bulk,NO,vision_full_card_api_validated,0.3578,B01-C032,output/first_edition_review_crops_clean/B01-C147__Team Rocket__49_82__Abra.jpg,Unlimited,Pokemon Abra 49/82 Team Rocket Unlimited MP,,NO_TCG_PRICE,,,,,NO_TCG_PRICE,Pokemon Abra 49/82 Team Rocket LP/MP,"Abra 49/82 from Team Rocket.
Variant: Unlimited.
Condition estimate: LP/MP. See front and back photos for exact condition.
Raw card, not graded.",,
B01-C148,cards/binder_1/card_148_front.jpg,cards/binder_1/card_148_back.jpg,35/102,Magikarp,Base,Uncommon,LP/MP,MP,base_unlimited_confirmed,NO,NO,YES,NO,HIGH,Base Unlimited confirmed; no Shadowless marker found.,,,small_lot_or_single,NO,vision_full_card_api_validated,0.2870,B01-C057,output/first_edition_review_crops_clean/B01-C148__Base__35_102__Magikarp.jpg,Unlimited,Pokemon Magikarp 35/102 Base Unlimited MP,3.86,TCGPLAYER_MARKET,,,,2.70,TCG_API_REFERENCE_ESTIMATE_70_PERCENT_FOR_LP_MP,Pokemon Magikarp 35/102 Base LP/MP,"Magikarp 35/102 from Base.
Variant: Unlimited.
Condition estimate: LP/MP. See front and back photos for exact condition.
Raw card, not graded.",,
B01-C149,cards/binder_1/card_149_front.jpg,cards/binder_1/card_149_back.jpg,48/82,Porygon,Team Rocket,Uncommon,LP/MP,MP,unlimited_confirmed,NO,NOT_APPLICABLE,YES,NO,HIGH,Manually checked; no 1st Edition stamp found. Treat as Unlimited.,,,bulk,NO,vision_full_card_api_validated,0.0821,B01-C032,output/first_edition_review_crops_clean/B01-C149__Team Rocket__48_82__Porygon.jpg,Unlimited,Pokemon Porygon 48/82 Team Rocket Unlimited MP,,NO_TCG_PRICE,,,,,NO_TCG_PRICE,Pokemon Porygon 48/82 Team Rocket LP/MP,"Porygon 48/82 from Team Rocket.
Variant: Unlimited.
Condition estimate: LP/MP. See front and back photos for exact condition.
Raw card, not graded.",,
B01-C150,cards/binder_1/card_150_front.jpg,cards/binder_1/card_150_back.jpg,54/82,Drowzee,Team Rocket,Common,LP/MP,MP,unlimited_confirmed,NO,NOT_APPLICABLE,YES,NO,HIGH,Manually checked; no 1st Edition stamp found. Treat as Unlimited.,,,bulk,NO,vision_full_card_api_validated,0.4543,B01-C057,output/first_edition_review_crops_clean/B01-C150__Team Rocket__54_82__Drowzee.jpg,Unlimited,Pokemon Drowzee 54/82 Team Rocket Unlimited MP,,NO_TCG_PRICE,,,,,NO_TCG_PRICE,Pokemon Drowzee 54/82 Team Rocket LP/MP,"Drowzee 54/82 from Team Rocket.
Variant: Unlimited.
Condition estimate: LP/MP. See front and back photos for exact condition.
Raw card, not graded.",,
B01-C151,cards/binder_1/card_151_front.jpg,cards/binder_1/card_151_back.jpg,53/62,Psyduck,Fossil,Common,LP/MP,MP,unlimited_confirmed,NO,NOT_APPLICABLE,YES,NO,HIGH,Manually checked; no 1st Edition stamp found. Treat as Unlimited.,,,bulk,NO,vision_full_card_api_validated,0.2188,B01-C032,output/first_edition_review_crops_clean/B01-C151__Fossil__53_62__Psyduck.jpg,Unlimited,Pokemon Psyduck 53/62 Fossil Unlimited MP,,NO_TCG_PRICE,,,,,NO_TCG_PRICE,Pokemon Psyduck 53/62 Fossil LP/MP,"Psyduck 53/62 from Fossil.
Variant: Unlimited.
Condition estimate: LP/MP. See front and back photos for exact condition.
Raw card, not graded.",,
B01-C152,cards/binder_1/card_152_front.jpg,cards/binder_1/card_152_back.jpg,70/82,Zubat,Team Rocket,Common,LP/MP,MP,unlimited_confirmed,NO,NOT_APPLICABLE,YES,NO,HIGH,Manually checked; no 1st Edition stamp found. Treat as Unlimited.,,,bulk,NO,vision_full_card_api_validated,0.3283,B01-C110,output/first_edition_review_crops_clean/B01-C152__Team Rocket__70_82__Zubat.jpg,Unlimited,Pokemon Zubat 70/82 Team Rocket Unlimited MP,,NO_TCG_PRICE,,,,,NO_TCG_PRICE,Pokemon Zubat 70/82 Team Rocket LP/MP,"Zubat 70/82 from Team Rocket.
Variant: Unlimited.
Condition estimate: LP/MP. See front and back photos for exact condition.
Raw card, not graded.",,
B01-C153,cards/binder_1/card_153_front.jpg,cards/binder_1/card_153_back.jpg,65/82,Psyduck,Team Rocket,Common,LP/MP,MP,unlimited_confirmed,NO,NOT_APPLICABLE,YES,NO,HIGH,Manually checked; no 1st Edition stamp found. Treat as Unlimited.,,,bulk,NO,vision_full_card_api_validated,0.3079,B01-C057,output/first_edition_review_crops_clean/B01-C153__Team Rocket__65_82__Psyduck.jpg,Unlimited,Pokemon Psyduck 65/82 Team Rocket Unlimited MP,,NO_TCG_PRICE,,,,,NO_TCG_PRICE,Pokemon Psyduck 65/82 Team Rocket LP/MP,"Psyduck 65/82 from Team Rocket.
Variant: Unlimited.
Condition estimate: LP/MP. See front and back photos for exact condition.
Raw card, not graded.",,
B01-C154,cards/binder_1/card_154_front.jpg,cards/binder_1/card_154_back.jpg,31/102,Jynx,Base,Uncommon,LP/MP,MP,base_unlimited_confirmed,NO,NO,YES,NO,HIGH,Base Unlimited confirmed; no Shadowless marker found.,,,bulk,NO,vision_full_card_api_validated,0.4051,B01-C110,output/first_edition_review_crops_clean/B01-C154__Base__31_102__Jynx.jpg,Unlimited,Pokemon Jynx 31/102 Base Unlimited MP,,,,,,,TCG_API_ERROR: 429 Client Error: Too Many Requests for url: https://api.pokemontcg.io/v2/cards?q=name%3A%22Jynx%22+set.id%3Abase1+number%3A31&pageSize=5,Pokemon Jynx 31/102 Base LP/MP,"Jynx 31/102 from Base.
Variant: Unlimited.
Condition estimate: LP/MP. See front and back photos for exact condition.
Raw card, not graded.",,
B01-C155,cards/binder_1/card_155_front.jpg,cards/binder_1/card_155_back.jpg,53/64,Goldeen,Jungle,Common,LP/MP,MP,unlimited_confirmed,NO,NOT_APPLICABLE,YES,NO,HIGH,Manually checked; no 1st Edition stamp found. Treat as Unlimited.,,,bulk,NO,vision_full_card_api_validated,0.2738,B01-C110,output/first_edition_review_crops_clean/B01-C155__Jungle__53_64__Goldeen.jpg,Unlimited,Pokemon Goldeen 53/64 Jungle Unlimited MP,,,,,,,TCG_API_ERROR: 429 Client Error: Too Many Requests for url: https://api.pokemontcg.io/v2/cards?q=name%3A%22Goldeen%22+set.id%3Abase2+number%3A53&pageSize=5,Pokemon Goldeen 53/64 Jungle LP/MP,"Goldeen 53/64 from Jungle.
Variant: Unlimited.
Condition estimate: LP/MP. See front and back photos for exact condition.
Raw card, not graded.",,
B01-C156,cards/binder_1/card_156_front.jpg,cards/binder_1/card_156_back.jpg,57/62,Zubat,Fossil,Common,LP/MP,MP,unlimited_confirmed,NO,NOT_APPLICABLE,YES,NO,HIGH,Manually checked; no 1st Edition stamp found. Treat as Unlimited.,,,bulk,NO,vision_full_card_api_validated,0.2522,B01-C032,output/first_edition_review_crops_clean/B01-C156__Fossil__57_62__Zubat.jpg,Unlimited,Pokemon Zubat 57/62 Fossil Unlimited MP,,,,,,,TCG_API_ERROR: 429 Client Error: Too Many Requests for url: https://api.pokemontcg.io/v2/cards?q=name%3A%22Zubat%22+set.id%3Abase3+number%3A57&pageSize=5,Pokemon Zubat 57/62 Fossil LP/MP,"Zubat 57/62 from Fossil.
Variant: Unlimited.
Condition estimate: LP/MP. See front and back photos for exact condition.
Raw card, not graded.",,
B01-C157,cards/binder_1/card_157_front.jpg,cards/binder_1/card_157_back.jpg,48/62,Grimer,Fossil,Common,LP/MP,MP,unlimited_confirmed,NO,NOT_APPLICABLE,YES,NO,HIGH,Manually checked; no 1st Edition stamp found. Treat as Unlimited.,,,bulk,NO,vision_full_card_api_validated,0.3518,B01-C032,output/first_edition_review_crops_clean/B01-C157__Fossil__48_62__Grimer.jpg,Unlimited,Pokemon Grimer 48/62 Fossil Unlimited MP,,,,,,,TCG_API_ERROR: 429 Client Error: Too Many Requests for url: https://api.pokemontcg.io/v2/cards?q=name%3A%22Grimer%22+set.id%3Abase3+number%3A48&pageSize=5,Pokemon Grimer 48/62 Fossil LP/MP,"Grimer 48/62 from Fossil.
Variant: Unlimited.
Condition estimate: LP/MP. See front and back photos for exact condition.
Raw card, not graded.",,
B01-C158,cards/binder_1/card_158_front.jpg,cards/binder_1/card_158_back.jpg,51/64,Eevee,Jungle,Common,LP/MP,MP,unlimited_confirmed,NO,NOT_APPLICABLE,YES,NO,HIGH,Manually checked; no 1st Edition stamp found. Treat as Unlimited.,,,bulk,NO,vision_full_card_api_validated,-0.0884,B01-C032,output/first_edition_review_crops_clean/B01-C158__Jungle__51_64__Eevee.jpg,Unlimited,Pokemon Eevee 51/64 Jungle Unlimited MP,,,,,,,TCG_API_ERROR: 429 Client Error: Too Many Requests for url: https://api.pokemontcg.io/v2/cards?q=name%3A%22Eevee%22+set.id%3Abase2+number%3A51&pageSize=5,Pokemon Eevee 51/64 Jungle LP/MP,"Eevee 51/64 from Jungle.
Variant: Unlimited.
Condition estimate: LP/MP. See front and back photos for exact condition.
Raw card, not graded.",,
B01-C159,cards/binder_1/card_159_front.jpg,cards/binder_1/card_159_back.jpg,59/102,Poliwag,Base,Common,LP/MP,MP,base_unlimited_confirmed,NO,NO,YES,NO,HIGH,Base Unlimited confirmed; no Shadowless marker found.,,,bulk,NO,vision_full_card_api_validated,0.2749,B01-C057,output/first_edition_review_crops_clean/B01-C159__Base__59_102__Poliwag.jpg,Unlimited,Pokemon Poliwag 59/102 Base Unlimited MP,,,,,,,TCG_API_ERROR: 429 Client Error: Too Many Requests for url: https://api.pokemontcg.io/v2/cards?q=name%3A%22Poliwag%22+set.id%3Abase1+number%3A59&pageSize=5,Pokemon Poliwag 59/102 Base LP/MP,"Poliwag 59/102 from Base.
Variant: Unlimited.
Condition estimate: LP/MP. See front and back photos for exact condition.
Raw card, not graded.",,
B01-C160,cards/binder_1/card_160_front.jpg,cards/binder_1/card_160_back.jpg,52/82,Diglett,Team Rocket,Common,LP/MP,MP,unlimited_confirmed,NO,NOT_APPLICABLE,YES,NO,HIGH,Manually checked; no 1st Edition stamp found. Treat as Unlimited.,,,bulk,NO,vision_full_card_api_validated,0.2426,B01-C032,output/first_edition_review_crops_clean/B01-C160__Team Rocket__52_82__Diglett.jpg,Unlimited,Pokemon Diglett 52/82 Team Rocket Unlimited MP,,NO_TCG_PRICE,,,,,NO_TCG_PRICE,Pokemon Diglett 52/82 Team Rocket LP/MP,"Diglett 52/82 from Team Rocket.
Variant: Unlimited.
Condition estimate: LP/MP. See front and back photos for exact condition.
Raw card, not graded.",,
B01-C161,cards/binder_1/card_161_front.jpg,cards/binder_1/card_161_back.jpg,57/64,Nidoran ♀,Jungle,Common,LP/MP,MP,unlimited_confirmed,NO,NOT_APPLICABLE,YES,NO,HIGH,Manually checked; no 1st Edition stamp found. Treat as Unlimited.,,,bulk,NO,fixed_by_card_number_api,0.2694,B01-C110,output/first_edition_review_crops_clean/B01-C161__Jungle__57_64__Nidoran _.jpg,Unlimited,Pokemon Nidoran ♀ 57/64 Jungle Unlimited MP,,NO_TCG_PRICE,,,,,NO_TCG_PRICE,Pokemon Nidoran ♀ 57/64 Jungle LP/MP,"Nidoran ♀ 57/64 from Jungle.
Variant: Unlimited.
Condition estimate: LP/MP. See front and back photos for exact condition.
Raw card, not graded.",,
B01-C162,cards/binder_1/card_162_front.jpg,cards/binder_1/card_162_back.jpg,56/82,Ekans,Team Rocket,Common,LP/MP,MP,unlimited_confirmed,NO,NOT_APPLICABLE,YES,NO,HIGH,Manually checked; no 1st Edition stamp found. Treat as Unlimited.,,,bulk,NO,vision_full_card_api_validated,0.3888,B01-C057,output/first_edition_review_crops_clean/B01-C162__Team Rocket__56_82__Ekans.jpg,Unlimited,Pokemon Ekans 56/82 Team Rocket Unlimited MP,,NO_TCG_PRICE,,,,,NO_TCG_PRICE,Pokemon Ekans 56/82 Team Rocket LP/MP,"Ekans 56/82 from Team Rocket.
Variant: Unlimited.
Condition estimate: LP/MP. See front and back photos for exact condition.
Raw card, not graded.",,
B01-C163,cards/binder_1/card_163_front.jpg,cards/binder_1/card_163_back.jpg,47/62,Geodude,Fossil,Common,LP/MP,MP,first_edition_confirmed,YES,NOT_APPLICABLE,NO,NO,HIGH,Confirmed from top-100 first-edition review PDF; first 16 rows only.,,,single_or_1st_ed_group,NO,vision_full_card_api_validated,0.6106,B01-C032,output/first_edition_review_crops_clean/B01-C163__Fossil__47_62__Geodude.jpg,1st Edition,Pokemon Geodude 47/62 Fossil 1st Edition MP,,,0.73,0.96,1.00,1.49,APIFY_SOLD_COMPS_PRIORITY_CARD,Pokemon Geodude 47/62 Fossil 1st Edition LP/MP,"Geodude 47/62 from Fossil.
Variant: 1st Edition.
Condition estimate: LP/MP. See front and back photos for exact condition.
Raw card, not graded.",Pokémon  - Geodude - Fossil - Common || Pokemon TCG - Vintage WOTC - Fossil 1st Edition - Pick Your Card Singles: NM-MP || Fossil #47/62 Geodude || Geodude 47/62 Common Fossil Pokemon Heavily Played || Pokemon Card Fossil Geodude 47/62 Common || 1999 - Pokemon TCG - Fossil Set - Pick Your WOTC Card (s) - 1st Ed & Unlimited || Pokémon 1999 NM 1ST EDITION FOSSIL SET PICK YOUR CARDS || Geodude Fossil Base Set 47/62 Common Pokemon Card NM || Geodude 47/62 Fossil 1st Edition Pokemon Card || Pokémon TCG Geodude 47/62 Fossil 1st Edition Regular 50 HP Common Stone Barrage,0.12 | 0.73 | 0.99 | 0.99 | 0.99 | 0.99 | 0.99 | 0.99 | 1.00 | 1.00
B01-C164,cards/binder_1/card_164_front.jpg,cards/binder_1/card_164_back.jpg,47/102,Diglett,Base,Common,LP/MP,MP,base_unlimited_confirmed,NO,NO,YES,NO,HIGH,Base Unlimited confirmed; no Shadowless marker found.,,,bulk,NO,vision_full_card_api_validated,0.2411,B01-C032,output/first_edition_review_crops_clean/B01-C164__Base__47_102__Diglett.jpg,Unlimited,Pokemon Diglett 47/102 Base Unlimited MP,1.06,TCGPLAYER_MARKET,,,,0.74,TCG_API_REFERENCE_ESTIMATE_70_PERCENT_FOR_LP_MP,Pokemon Diglett 47/102 Base LP/MP,"Diglett 47/102 from Base.
Variant: Unlimited.
Condition estimate: LP/MP. See front and back photos for exact condition.
Raw card, not graded.",,
B01-C165,cards/binder_1/card_165_front.jpg,cards/binder_1/card_165_back.jpg,53/82,Dratini,Team Rocket,Common,LP/MP,MP,unlimited_confirmed,NO,NOT_APPLICABLE,YES,NO,HIGH,Manually checked; no 1st Edition stamp found. Treat as Unlimited.,,,bulk,NO,vision_full_card_api_validated,0.0614,B01-C057,output/first_edition_review_crops_clean/B01-C165__Team Rocket__53_82__Dratini.jpg,Unlimited,Pokemon Dratini 53/82 Team Rocket Unlimited MP,,NO_TCG_PRICE,,,,,NO_TCG_PRICE,Pokemon Dratini 53/82 Team Rocket LP/MP,"Dratini 53/82 from Team Rocket.
Variant: Unlimited.
Condition estimate: LP/MP. See front and back photos for exact condition.
Raw card, not graded.",,
B01-C166,cards/binder_1/card_166_front.jpg,cards/binder_1/card_166_back.jpg,56/102,Onix,Base,Common,LP/MP,MP,base_unlimited_confirmed,NO,NO,YES,NO,HIGH,Base Unlimited confirmed; no Shadowless marker found.,,,bulk,NO,vision_full_card_api_validated,0.3163,B01-C057,output/first_edition_review_crops_clean/B01-C166__Base__56_102__Onix.jpg,Unlimited,Pokemon Onix 56/102 Base Unlimited MP,1.10,TCGPLAYER_MARKET,,,,0.77,TCG_API_REFERENCE_ESTIMATE_70_PERCENT_FOR_LP_MP,Pokemon Onix 56/102 Base LP/MP,"Onix 56/102 from Base.
Variant: Unlimited.
Condition estimate: LP/MP. See front and back photos for exact condition.
Raw card, not graded.",,
B01-C167,cards/binder_1/card_167_front.jpg,cards/binder_1/card_167_back.jpg,61/64,Rhyhorn,Jungle,Common,LP/MP,MP,unlimited_confirmed,NO,NOT_APPLICABLE,YES,NO,HIGH,Manually checked; no 1st Edition stamp found. Treat as Unlimited.,,,bulk,NO,vision_full_card_api_validated,0.3909,B01-C110,output/first_edition_review_crops_clean/B01-C167__Jungle__61_64__Rhyhorn.jpg,Unlimited,Pokemon Rhyhorn 61/64 Jungle Unlimited MP,,NO_TCG_PRICE,,,,,NO_TCG_PRICE,Pokemon Rhyhorn 61/64 Jungle LP/MP,"Rhyhorn 61/64 from Jungle.
Variant: Unlimited.
Condition estimate: LP/MP. See front and back photos for exact condition.
Raw card, not graded.",,
B01-C168,cards/binder_1/card_168_front.jpg,cards/binder_1/card_168_back.jpg,39/62,Magmar,Fossil,Uncommon,LP/MP,MP,unlimited_confirmed,NO,NOT_APPLICABLE,YES,NO,HIGH,Manually checked; no 1st Edition stamp found. Treat as Unlimited.,,,bulk,NO,vision_full_card_api_validated,0.3789,B01-C110,output/first_edition_review_crops_clean/B01-C168__Fossil__39_62__Magmar.jpg,Unlimited,Pokemon Magmar 39/62 Fossil Unlimited MP,,NO_TCG_PRICE,,,,,NO_TCG_PRICE,Pokemon Magmar 39/62 Fossil LP/MP,"Magmar 39/62 from Fossil.
Variant: Unlimited.
Condition estimate: LP/MP. See front and back photos for exact condition.
Raw card, not graded.",,
B01-C169,cards/binder_1/card_169_front.jpg,cards/binder_1/card_169_back.jpg,41/62,Sandslash,Fossil,Uncommon,LP/MP,MP,unlimited_confirmed,NO,NOT_APPLICABLE,YES,NO,HIGH,Manually checked; no 1st Edition stamp found. Treat as Unlimited.,,,bulk,NO,vision_full_card_api_validated,0.2590,B01-C032,output/first_edition_review_crops_clean/B01-C169__Fossil__41_62__Sandslash.jpg,Unlimited,Pokemon Sandslash 41/62 Fossil Unlimited MP,,NO_TCG_PRICE,,,,,NO_TCG_PRICE,Pokemon Sandslash 41/62 Fossil LP/MP,"Sandslash 41/62 from Fossil.
Variant: Unlimited.
Condition estimate: LP/MP. See front and back photos for exact condition.
Raw card, not graded.",,
B01-C170,cards/binder_1/card_170_front.jpg,cards/binder_1/card_170_back.jpg,62/102,Sandshrew,Base,Common,LP/MP,MP,base_unlimited_confirmed,NO,NO,YES,NO,HIGH,Base Unlimited confirmed; no Shadowless marker found.,,,bulk,NO,vision_full_card_api_validated,0.1834,B01-C032,output/first_edition_review_crops_clean/B01-C170__Base__62_102__Sandshrew.jpg,Unlimited,Pokemon Sandshrew 62/102 Base Unlimited MP,0.88,TCGPLAYER_MARKET,,,,0.62,TCG_API_REFERENCE_ESTIMATE_70_PERCENT_FOR_LP_MP,Pokemon Sandshrew 62/102 Base LP/MP,"Sandshrew 62/102 from Base.
Variant: Unlimited.
Condition estimate: LP/MP. See front and back photos for exact condition.
Raw card, not graded.",,
B01-C171,cards/binder_1/card_171_front.jpg,cards/binder_1/card_171_back.jpg,52/64,Exeggcute,Jungle,Common,LP/MP,MP,unlimited_confirmed,NO,NOT_APPLICABLE,YES,NO,HIGH,Manually checked; no 1st Edition stamp found. Treat as Unlimited.,,,bulk,NO,vision_full_card_api_validated,0.2329,B01-C032,output/first_edition_review_crops_clean/B01-C171__Jungle__52_64__Exeggcute.jpg,Unlimited,Pokemon Exeggcute 52/64 Jungle Unlimited MP,,NO_TCG_PRICE,,,,,NO_TCG_PRICE,Pokemon Exeggcute 52/64 Jungle LP/MP,"Exeggcute 52/64 from Jungle.
Variant: Unlimited.
Condition estimate: LP/MP. See front and back photos for exact condition.
Raw card, not graded.",,
B01-C172,cards/binder_1/card_172_front.jpg,cards/binder_1/card_172_back.jpg,61/102,Rattata,Base,Common,LP/MP,MP,base_unlimited_confirmed,NO,NO,YES,NO,HIGH,Base Unlimited confirmed; no Shadowless marker found.,,,bulk,NO,vision_full_card_api_validated,-0.0267,B01-C110,output/first_edition_review_crops_clean/B01-C172__Base__61_102__Rattata.jpg,Unlimited,Pokemon Rattata 61/102 Base Unlimited MP,0.73,TCGPLAYER_MARKET,,,,0.51,TCG_API_REFERENCE_ESTIMATE_70_PERCENT_FOR_LP_MP,Pokemon Rattata 61/102 Base LP/MP,"Rattata 61/102 from Base.
Variant: Unlimited.
Condition estimate: LP/MP. See front and back photos for exact condition.
Raw card, not graded.",,
B01-C173,cards/binder_1/card_173_front.jpg,cards/binder_1/card_173_back.jpg,57/64,Nidoran ♀,Jungle,Common,LP/MP,MP,unlimited_confirmed,NO,NOT_APPLICABLE,YES,NO,HIGH,Manually checked; no 1st Edition stamp found. Treat as Unlimited.,,,bulk,NO,fixed_by_card_number_api,0.3557,B01-C057,output/first_edition_review_crops_clean/B01-C173__Jungle__57_64__Nidoran _.jpg,Unlimited,Pokemon Nidoran ♀ 57/64 Jungle Unlimited MP,,NO_TCG_PRICE,,,,,NO_TCG_PRICE,Pokemon Nidoran ♀ 57/64 Jungle LP/MP,"Nidoran ♀ 57/64 from Jungle.
Variant: Unlimited.
Condition estimate: LP/MP. See front and back photos for exact condition.
Raw card, not graded.",,
B01-C174,cards/binder_1/card_174_front.jpg,cards/binder_1/card_174_back.jpg,46/62,Ekans,Fossil,Common,LP/MP,MP,first_edition_confirmed,YES,NOT_APPLICABLE,NO,NO,HIGH,Confirmed from top-100 first-edition review PDF; first 16 rows only.,,,single_or_1st_ed_group,NO,vision_full_card_api_validated,0.6177,B01-C110,output/first_edition_review_crops_clean/B01-C174__Fossil__46_62__Ekans.jpg,1st Edition,Pokemon Ekans 46/62 Fossil 1st Edition MP,,,0.73,1.22,1.98,1.49,APIFY_SOLD_COMPS_PRIORITY_CARD,Pokemon Ekans 46/62 Fossil 1st Edition LP/MP,"Ekans 46/62 from Fossil.
Variant: 1st Edition.
Condition estimate: LP/MP. See front and back photos for exact condition.
Raw card, not graded.",Pokemon TCG - Vintage WOTC - Fossil 1st Edition - Pick Your Card Singles: NM-MP || 1999 - Pokemon TCG - Fossil Set - Pick Your WOTC Card (s) - 1st Ed & Unlimited || Ekans 46/62 Fossil 1st Edition Pokemon Card || Pokémon TCG 1999 1st Edition Fossil - You Pick - Excellent/Near Mint or Better || 1999 Pokemon Fossil 1st Edition Ekans #46 || 1999 POKEMON FOSSIL 1ST EDITION EKANS #46/62 || EKANS 1999 POKEMON FOSSIL 1ST EDITION COMMON F 46/62 Q2045 || POKEMON - WOTC - FOSSIL UNLIMITED - PICK YOUR CARDS || 1st Edition Ekans 46/62 Fossil Set WOTC Vintage Pokemon Card Common NM || Pokemon TCG Ekans 46/62 Common Fossil 1st Edition MP,0.73 | 0.99 | 1.00 | 1.00 | 1.00 | 1.25 | 1.25 | 1.28 | 1.74 | 1.98
B01-C175,cards/binder_1/card_175_front.jpg,cards/binder_1/card_175_back.jpg,41/64,Parasect,Jungle,Uncommon,LP/MP,MP,unlimited_confirmed,NO,NOT_APPLICABLE,YES,NO,HIGH,Manually checked; no 1st Edition stamp found. Treat as Unlimited.,,,bulk,NO,vision_full_card_api_validated,0.3394,B01-C057,output/first_edition_review_crops_clean/B01-C175__Jungle__41_64__Parasect.jpg,Unlimited,Pokemon Parasect 41/64 Jungle Unlimited MP,,NO_TCG_PRICE,,,,,NO_TCG_PRICE,Pokemon Parasect 41/64 Jungle LP/MP,"Parasect 41/64 from Jungle.
Variant: Unlimited.
Condition estimate: LP/MP. See front and back photos for exact condition.
Raw card, not graded.",,
B01-C176,cards/binder_1/card_176_front.jpg,cards/binder_1/card_176_back.jpg,39/62,Magmar,Fossil,Uncommon,LP/MP,MP,unlimited_confirmed,NO,NOT_APPLICABLE,YES,NO,HIGH,Manually checked; no 1st Edition stamp found. Treat as Unlimited.,,,bulk,NO,vision_full_card_api_validated,0.3836,B01-C032,output/first_edition_review_crops_clean/B01-C176__Fossil__39_62__Magmar.jpg,Unlimited,Pokemon Magmar 39/62 Fossil Unlimited MP,,NO_TCG_PRICE,,,,,NO_TCG_PRICE,Pokemon Magmar 39/62 Fossil LP/MP,"Magmar 39/62 from Fossil.
Variant: Unlimited.
Condition estimate: LP/MP. See front and back photos for exact condition.
Raw card, not graded.",,
B01-C177,cards/binder_1/card_177_front.jpg,cards/binder_1/card_177_back.jpg,49/64,Bellsprout,Jungle,Common,LP/MP,MP,unlimited_confirmed,NO,NOT_APPLICABLE,YES,NO,HIGH,Manually checked; no 1st Edition stamp found. Treat as Unlimited.,,,bulk,NO,fixed_from_saved_vision_or_visual_confirmation,0.2696,B01-C032,output/first_edition_review_crops_clean/B01-C177__Jungle__49_64__Bellsprout.jpg,Unlimited,Pokemon Bellsprout 49/64 Jungle Unlimited MP,,NO_TCG_PRICE,,,,,NO_TCG_PRICE,Pokemon Bellsprout 49/64 Jungle LP/MP,"Bellsprout 49/64 from Jungle.
Variant: Unlimited.
Condition estimate: LP/MP. See front and back photos for exact condition.
Raw card, not graded.",,
B01-C178,cards/binder_1/card_178_front.jpg,cards/binder_1/card_178_back.jpg,52/82,Diglett,Team Rocket,Common,LP/MP,MP,unlimited_confirmed,NO,NOT_APPLICABLE,YES,NO,HIGH,Manually checked; no 1st Edition stamp found. Treat as Unlimited.,,,bulk,NO,vision_full_card_api_validated,0.3108,B01-C057,output/first_edition_review_crops_clean/B01-C178__Team Rocket__52_82__Diglett.jpg,Unlimited,Pokemon Diglett 52/82 Team Rocket Unlimited MP,,NO_TCG_PRICE,,,,,NO_TCG_PRICE,Pokemon Diglett 52/82 Team Rocket LP/MP,"Diglett 52/82 from Team Rocket.
Variant: Unlimited.
Condition estimate: LP/MP. See front and back photos for exact condition.
Raw card, not graded.",,
B01-C179,cards/binder_1/card_179_front.jpg,cards/binder_1/card_179_back.jpg,56/64,Meowth,Jungle,Common,LP/MP,MP,unlimited_confirmed,NO,NOT_APPLICABLE,YES,NO,HIGH,Manually checked; no 1st Edition stamp found. Treat as Unlimited.,,,bulk,NO,vision_full_card_api_validated,-0.0267,B01-C032,output/first_edition_review_crops_clean/B01-C179__Jungle__56_64__Meowth.jpg,Unlimited,Pokemon Meowth 56/64 Jungle Unlimited MP,,NO_TCG_PRICE,,,,,NO_TCG_PRICE,Pokemon Meowth 56/64 Jungle LP/MP,"Meowth 56/64 from Jungle.
Variant: Unlimited.
Condition estimate: LP/MP. See front and back photos for exact condition.
Raw card, not graded.",,
B01-C180,cards/binder_1/card_180_front.jpg,cards/binder_1/card_180_back.jpg,59/82,Machop,Team Rocket,Common,LP/MP,MP,unlimited_confirmed,NO,NOT_APPLICABLE,YES,NO,HIGH,Manually checked; no 1st Edition stamp found. Treat as Unlimited.,,,bulk,NO,vision_full_card_api_validated,0.2574,B01-C057,output/first_edition_review_crops_clean/B01-C180__Team Rocket__59_82__Machop.jpg,Unlimited,Pokemon Machop 59/82 Team Rocket Unlimited MP,,NO_TCG_PRICE,,,,,NO_TCG_PRICE,Pokemon Machop 59/82 Team Rocket LP/MP,"Machop 59/82 from Team Rocket.
Variant: Unlimited.
Condition estimate: LP/MP. See front and back photos for exact condition.
Raw card, not graded.",,
B01-C181,cards/binder_1/card_181_front.jpg,cards/binder_1/card_181_back.jpg,33/62,Gastly,Fossil,Uncommon,LP/MP,MP,unlimited_confirmed,NO,NOT_APPLICABLE,YES,NO,HIGH,Manually checked; no 1st Edition stamp found. Treat as Unlimited.,,,bulk,NO,vision_full_card_api_validated,0.4003,B01-C057,output/first_edition_review_crops_clean/B01-C181__Fossil__33_62__Gastly.jpg,Unlimited,Pokemon Gastly 33/62 Fossil Unlimited MP,,NO_TCG_PRICE,,,,,NO_TCG_PRICE,Pokemon Gastly 33/62 Fossil LP/MP,"Gastly 33/62 from Fossil.
Variant: Unlimited.
Condition estimate: LP/MP. See front and back photos for exact condition.
Raw card, not graded.",,
B01-C182,cards/binder_1/card_182_front.jpg,cards/binder_1/card_182_back.jpg,52/64,Exeggcute,Jungle,Common,LP/MP,MP,unlimited_confirmed,NO,NOT_APPLICABLE,YES,NO,HIGH,Manually checked; no 1st Edition stamp found. Treat as Unlimited.,,,bulk,NO,vision_full_card_api_validated,0.3289,B01-C057,output/first_edition_review_crops_clean/B01-C182__Jungle__52_64__Exeggcute.jpg,Unlimited,Pokemon Exeggcute 52/64 Jungle Unlimited MP,,NO_TCG_PRICE,,,,,NO_TCG_PRICE,Pokemon Exeggcute 52/64 Jungle LP/MP,"Exeggcute 52/64 from Jungle.
Variant: Unlimited.
Condition estimate: LP/MP. See front and back photos for exact condition.
Raw card, not graded.",,
B01-C183,cards/binder_1/card_183_front.jpg,cards/binder_1/card_183_back.jpg,37/102,Nidorino,Base,Uncommon,LP/MP,MP,base_unlimited_confirmed,NO,NO,YES,NO,HIGH,Base Unlimited confirmed; no Shadowless marker found.,,,bulk,NO,vision_full_card_api_validated,0.2031,B01-C057,output/first_edition_review_crops_clean/B01-C183__Base__37_102__Nidorino.jpg,Unlimited,Pokemon Nidorino 37/102 Base Unlimited MP,2.71,TCGPLAYER_MARKET,,,,1.90,TCG_API_REFERENCE_ESTIMATE_70_PERCENT_FOR_LP_MP,Pokemon Nidorino 37/102 Base LP/MP,"Nidorino 37/102 from Base.
Variant: Unlimited.
Condition estimate: LP/MP. See front and back photos for exact condition.
Raw card, not graded.",,
B01-C184,cards/binder_1/card_184_front.jpg,cards/binder_1/card_184_back.jpg,48/62,Grimer,Fossil,Common,LP/MP,MP,unlimited_confirmed,NO,NOT_APPLICABLE,YES,NO,HIGH,Manually checked; no 1st Edition stamp found. Treat as Unlimited.,,,bulk,NO,vision_full_card_api_validated,0.3124,B01-C032,output/first_edition_review_crops_clean/B01-C184__Fossil__48_62__Grimer.jpg,Unlimited,Pokemon Grimer 48/62 Fossil Unlimited MP,,NO_TCG_PRICE,,,,,NO_TCG_PRICE,Pokemon Grimer 48/62 Fossil LP/MP,"Grimer 48/62 from Fossil.
Variant: Unlimited.
Condition estimate: LP/MP. See front and back photos for exact condition.
Raw card, not graded.",,
B01-C185,cards/binder_1/card_185_front.jpg,cards/binder_1/card_185_back.jpg,39/64,Marowak,Jungle,Uncommon,LP/MP,MP,unlimited_confirmed,NO,NOT_APPLICABLE,YES,NO,HIGH,Manually checked; no 1st Edition stamp found. Treat as Unlimited.,,,bulk,NO,vision_full_card_api_validated,0.3409,B01-C032,output/first_edition_review_crops_clean/B01-C185__Jungle__39_64__Marowak.jpg,Unlimited,Pokemon Marowak 39/64 Jungle Unlimited MP,,NO_TCG_PRICE,,,,,NO_TCG_PRICE,Pokemon Marowak 39/64 Jungle LP/MP,"Marowak 39/64 from Jungle.
Variant: Unlimited.
Condition estimate: LP/MP. See front and back photos for exact condition.
Raw card, not graded.",,
B01-C186,cards/binder_1/card_186_front.jpg,cards/binder_1/card_186_back.jpg,56/64,Meowth,Jungle,Common,LP/MP,MP,unlimited_confirmed,NO,NOT_APPLICABLE,YES,NO,HIGH,Manually checked; no 1st Edition stamp found. Treat as Unlimited.,,,bulk,NO,vision_full_card_api_validated,-0.1098,B01-C110,output/first_edition_review_crops_clean/B01-C186__Jungle__56_64__Meowth.jpg,Unlimited,Pokemon Meowth 56/64 Jungle Unlimited MP,,NO_TCG_PRICE,,,,,NO_TCG_PRICE,Pokemon Meowth 56/64 Jungle LP/MP,"Meowth 56/64 from Jungle.
Variant: Unlimited.
Condition estimate: LP/MP. See front and back photos for exact condition.
Raw card, not graded.",,
B01-C187,cards/binder_1/card_187_front.jpg,cards/binder_1/card_187_back.jpg,32/62,Cloyster,Fossil,Uncommon,LP/MP,MP,first_edition_confirmed,YES,NOT_APPLICABLE,NO,NO,HIGH,Confirmed from top-100 first-edition review PDF; first 16 rows only.,,,single_or_1st_ed_group,NO,vision_full_card_api_validated,0.7430,B01-C110,output/first_edition_review_crops_clean/B01-C187__Fossil__32_62__Cloyster.jpg,1st Edition,Pokemon Cloyster 32/62 Fossil 1st Edition MP,,,0.73,0.98,1.09,1.49,APIFY_SOLD_COMPS_PRIORITY_CARD,Pokemon Cloyster 32/62 Fossil 1st Edition LP/MP,"Cloyster 32/62 from Fossil.
Variant: 1st Edition.
Condition estimate: LP/MP. See front and back photos for exact condition.
Raw card, not graded.","Pokemon TCG - Vintage WOTC - Fossil 1st Edition - Pick Your Card Singles: NM-MP || CLOYSTER 32/62 1st Edition Fossil Set Vintage WoTC Pokémon TCG MP Uncommon || Pokémon 1999 NM 1ST EDITION FOSSIL SET PICK YOUR CARDS || FOSSIL Set - Pick / Choose the Card - Pokémon TCG WOTC -1st Ed, Unlimited, Holo || Pokemon TCG Cloyster Fossil Uncommon 32/62 Unlimited || Cloyster 32/62 Uncommon Fossil Pokemon Lightly Played || Cloyster Uncommon Fossil 32/62 NM || (2) Cloyster 32/62 Fossil Regular - NM - US Seller || Pokémon TCG 1999 1st Edition Fossil - You Pick - Excellent/Near Mint or Better || Pokemon Cloyster Fossil vintage card #32/62 Wotc 1999",0.73 | 0.99 | 0.99 | 1.00 | 1.00 | 1.00 | 1.00 | 1.00 | 1.00 | 1.09
B01-C188,cards/binder_1/card_188_front.jpg,cards/binder_1/card_188_back.jpg,56/62,Tentacool,Fossil,Common,LP/MP,MP,unlimited_confirmed,NO,NOT_APPLICABLE,YES,NO,HIGH,Manually checked; no 1st Edition stamp found. Treat as Unlimited.,,,bulk,NO,vision_full_card_api_validated,0.2001,B01-C032,output/first_edition_review_crops_clean/B01-C188__Fossil__56_62__Tentacool.jpg,Unlimited,Pokemon Tentacool 56/62 Fossil Unlimited MP,,NO_TCG_PRICE,,,,,NO_TCG_PRICE,Pokemon Tentacool 56/62 Fossil LP/MP,"Tentacool 56/62 from Fossil.
Variant: Unlimited.
Condition estimate: LP/MP. See front and back photos for exact condition.
Raw card, not graded.",,
B01-C189,cards/binder_1/card_189_front.jpg,cards/binder_1/card_189_back.jpg,56/64,Meowth,Jungle,Common,LP/MP,MP,unlimited_confirmed,NO,NOT_APPLICABLE,YES,NO,HIGH,Manually checked; no 1st Edition stamp found. Treat as Unlimited.,,,bulk,NO,vision_full_card_api_validated,-0.0392,B01-C032,output/first_edition_review_crops_clean/B01-C189__Jungle__56_64__Meowth.jpg,Unlimited,Pokemon Meowth 56/64 Jungle Unlimited MP,,NO_TCG_PRICE,,,,,NO_TCG_PRICE,Pokemon Meowth 56/64 Jungle LP/MP,"Meowth 56/64 from Jungle.
Variant: Unlimited.
Condition estimate: LP/MP. See front and back photos for exact condition.
Raw card, not graded.",,
B01-C190,cards/binder_1/card_190_front.jpg,cards/binder_1/card_190_back.jpg,57/62,Zubat,Fossil,Common,LP/MP,MP,unlimited_confirmed,NO,NOT_APPLICABLE,YES,NO,HIGH,Manually checked; no 1st Edition stamp found. Treat as Unlimited.,,,bulk,NO,vision_full_card_api_validated,0.3477,B01-C032,output/first_edition_review_crops_clean/B01-C190__Fossil__57_62__Zubat.jpg,Unlimited,Pokemon Zubat 57/62 Fossil Unlimited MP,,NO_TCG_PRICE,,,,,NO_TCG_PRICE,Pokemon Zubat 57/62 Fossil LP/MP,"Zubat 57/62 from Fossil.
Variant: Unlimited.
Condition estimate: LP/MP. See front and back photos for exact condition.
Raw card, not graded.",,
B01-C191,cards/binder_1/card_191_front.jpg,cards/binder_1/card_191_back.jpg,56/102,Onix,Base,Common,LP/MP,MP,base_unlimited_confirmed,NO,NO,YES,NO,HIGH,Base Unlimited confirmed; no Shadowless marker found.,,,bulk,NO,vision_full_card_api_validated,0.1364,B01-C032,output/first_edition_review_crops_clean/B01-C191__Base__56_102__Onix.jpg,Unlimited,Pokemon Onix 56/102 Base Unlimited MP,1.10,TCGPLAYER_MARKET,,,,0.77,TCG_API_REFERENCE_ESTIMATE_70_PERCENT_FOR_LP_MP,Pokemon Onix 56/102 Base LP/MP,"Onix 56/102 from Base.
Variant: Unlimited.
Condition estimate: LP/MP. See front and back photos for exact condition.
Raw card, not graded.",,
B01-C192,cards/binder_1/card_192_front.jpg,cards/binder_1/card_192_back.jpg,48/62,Grimer,Fossil,Common,LP/MP,MP,unlimited_confirmed,NO,NOT_APPLICABLE,YES,NO,HIGH,Manually checked; no 1st Edition stamp found. Treat as Unlimited.,,,bulk,NO,vision_full_card_api_validated,0.3037,B01-C057,output/first_edition_review_crops_clean/B01-C192__Fossil__48_62__Grimer.jpg,Unlimited,Pokemon Grimer 48/62 Fossil Unlimited MP,,NO_TCG_PRICE,,,,,NO_TCG_PRICE,Pokemon Grimer 48/62 Fossil LP/MP,"Grimer 48/62 from Fossil.
Variant: Unlimited.
Condition estimate: LP/MP. See front and back photos for exact condition.
Raw card, not graded.",,
B01-C193,cards/binder_1/card_193_front.jpg,cards/binder_1/card_193_back.jpg,37/102,Nidorino,Base,Uncommon,LP/MP,MP,base_unlimited_confirmed,NO,NO,YES,NO,HIGH,Base Unlimited confirmed; no Shadowless marker found.,,,bulk,NO,vision_full_card_api_validated,0.3000,B01-C110,output/first_edition_review_crops_clean/B01-C193__Base__37_102__Nidorino.jpg,Unlimited,Pokemon Nidorino 37/102 Base Unlimited MP,2.71,TCGPLAYER_MARKET,,,,1.90,TCG_API_REFERENCE_ESTIMATE_70_PERCENT_FOR_LP_MP,Pokemon Nidorino 37/102 Base LP/MP,"Nidorino 37/102 from Base.
Variant: Unlimited.
Condition estimate: LP/MP. See front and back photos for exact condition.
Raw card, not graded.",,
B01-C194,cards/binder_1/card_194_front.jpg,cards/binder_1/card_194_back.jpg,20/102,Electabuzz,Base,Rare,LP/MP,MP,base_unlimited_confirmed,NO,NO,YES,NO,HIGH,Base Unlimited confirmed; no Shadowless marker found.,,,bulk_or_lot,NO,vision_full_card_api_validated,-0.3195,B01-C032,output/first_edition_review_crops_clean/B01-C194__Base__20_102__Electabuzz.jpg,Unlimited,Pokemon Electabuzz 20/102 Base Unlimited MP,,,1.25,2.10,2.99,2.10,APIFY_SOLD_COMPS_PRIORITY_CARD,Pokemon Electabuzz 20/102 Base LP/MP,"Electabuzz 20/102 from Base.
Variant: Unlimited.
Condition estimate: LP/MP. See front and back photos for exact condition.
Raw card, not graded.",Pokemon TCG Base Set 2 #024/130 Electabuzz MP || Pokemon TCG Base Set Pokémon Trading Card Singles Wizards of The Coast || Pokemon VINTAGE WoTC Base Set - Choose Your Card - Free Shipping! NM/LP || 1999 Pokemon Base Set: Choose Your Card! All Cards Available - 100% Authentic || Pokemon 2000 Electabuzz Rare Base Set 2 BS2 024/130 MP/HP || Electabuzz Rare Base Set 020/102 MP/LP- || Electabuzz Rare Base Set 020/102 HP Pokémon TCG || Electabuzz 20/102 Rare Base Set Unlimited Pokemon Heavily Played || Electabuzz 20/102 Rare Base Set Unlimited Pokemon 1999 || Pokémon Electabuzz Base Set Rare 20/102 70 HP Wizards 1999 English Card,1.25 | 1.49 | 1.65 | 1.95 | 2.00 | 2.25 | 2.39 | 2.49 | 2.54 | 2.99
B01-C195,cards/binder_1/card_195_front.jpg,cards/binder_1/card_195_back.jpg,50/62,Kabuto,Fossil,Common,LP/MP,MP,unlimited_confirmed,NO,NOT_APPLICABLE,YES,NO,HIGH,Manually checked; no 1st Edition stamp found. Treat as Unlimited.,,,bulk,NO,vision_full_card_api_validated,0.3213,B01-C057,output/first_edition_review_crops_clean/B01-C195__Fossil__50_62__Kabuto.jpg,Unlimited,Pokemon Kabuto 50/62 Fossil Unlimited MP,,NO_TCG_PRICE,,,,,NO_TCG_PRICE,Pokemon Kabuto 50/62 Fossil LP/MP,"Kabuto 50/62 from Fossil.
Variant: Unlimited.
Condition estimate: LP/MP. See front and back photos for exact condition.
Raw card, not graded.",,
B01-C196,cards/binder_1/card_196_front.jpg,cards/binder_1/card_196_back.jpg,51/64,Eevee,Jungle,Common,LP/MP,MP,unlimited_confirmed,NO,NOT_APPLICABLE,YES,NO,HIGH,Manually checked; no 1st Edition stamp found. Treat as Unlimited.,,,bulk,NO,vision_full_card_api_validated,-0.1248,B01-C032,output/first_edition_review_crops_clean/B01-C196__Jungle__51_64__Eevee.jpg,Unlimited,Pokemon Eevee 51/64 Jungle Unlimited MP,,NO_TCG_PRICE,,,,,NO_TCG_PRICE,Pokemon Eevee 51/64 Jungle LP/MP,"Eevee 51/64 from Jungle.
Variant: Unlimited.
Condition estimate: LP/MP. See front and back photos for exact condition.
Raw card, not graded.",,
B01-C197,cards/binder_1/card_197_front.jpg,cards/binder_1/card_197_back.jpg,71/130,Diglett,Base Set 2,Common,LP/MP,MP,unlimited_or_normal,NO,NOT_APPLICABLE,YES,NO,MEDIUM,No special 1st Edition/Shadowless variant expected.,,,bulk,NO,vision_full_card_api_validated,,,,Unlimited,Pokemon Diglett 71/130 Base Set 2 Unlimited MP,0.43,TCGPLAYER_MARKET,,,,0.30,TCG_API_REFERENCE_ESTIMATE_70_PERCENT_FOR_LP_MP,Pokemon Diglett 71/130 Base Set 2 LP/MP,"Diglett 71/130 from Base Set 2.
Variant: Unlimited.
Condition estimate: LP/MP. See front and back photos for exact condition.
Raw card, not graded.",,
B01-C198,cards/binder_1/card_198_front.jpg,cards/binder_1/card_198_back.jpg,53/64,Goldeen,Jungle,Common,LP/MP,MP,unlimited_confirmed,NO,NOT_APPLICABLE,YES,NO,HIGH,Manually checked; no 1st Edition stamp found. Treat as Unlimited.,,,bulk,NO,vision_full_card_api_validated,0.2071,B01-C032,output/first_edition_review_crops_clean/B01-C198__Jungle__53_64__Goldeen.jpg,Unlimited,Pokemon Goldeen 53/64 Jungle Unlimited MP,,NO_TCG_PRICE,,,,,NO_TCG_PRICE,Pokemon Goldeen 53/64 Jungle LP/MP,"Goldeen 53/64 from Jungle.
Variant: Unlimited.
Condition estimate: LP/MP. See front and back photos for exact condition.
Raw card, not graded.",,
B01-C199,cards/binder_1/card_199_front.jpg,cards/binder_1/card_199_back.jpg,59/62,Energy Search,Fossil,Common,LP/MP,MP,unlimited_confirmed,NO,NOT_APPLICABLE,YES,NO,HIGH,Manually checked; no 1st Edition stamp found. Treat as Unlimited.,,,bulk,NO,fixed_by_card_number_api,0.2766,B01-C057,output/first_edition_review_crops_clean/B01-C199__Fossil__59_62__Energy Search.jpg,Unlimited,Pokemon Energy Search 59/62 Fossil Unlimited MP,,NO_TCG_PRICE,,,,,NO_TCG_PRICE,Pokemon Energy Search 59/62 Fossil LP/MP,"Energy Search 59/62 from Fossil.
Variant: Unlimited.
Condition estimate: LP/MP. See front and back photos for exact condition.
Raw card, not graded.",,
B01-C200,cards/binder_1/card_200_front.jpg,cards/binder_1/card_200_back.jpg,88/102,Professor Oak,Base,Uncommon,LP/MP,MP,base_unlimited_confirmed,NO,NO,YES,NO,HIGH,Base Unlimited confirmed; no Shadowless marker found.,,,bulk,NO,fixed_by_card_number_api,0.2521,B01-C057,output/first_edition_review_crops_clean/B01-C200__Base__88_102__Professor Oak.jpg,Unlimited,Pokemon Professor Oak 88/102 Base Unlimited MP,1.29,TCGPLAYER_MARKET,,,,0.90,TCG_API_REFERENCE_ESTIMATE_70_PERCENT_FOR_LP_MP,Pokemon Professor Oak 88/102 Base LP/MP,"Professor Oak 88/102 from Base.
Variant: Unlimited.
Condition estimate: LP/MP. See front and back photos for exact condition.
Raw card, not graded.",,
B01-C201,cards/binder_1/card_201_front.jpg,cards/binder_1/card_201_back.jpg,58/62,Mr. Fuji,Fossil,Uncommon,LP/MP,MP,unlimited_confirmed,NO,NOT_APPLICABLE,YES,NO,HIGH,Manually checked; no 1st Edition stamp found. Treat as Unlimited.,,,bulk,NO,fixed_by_card_number_api,0.2576,B01-C057,output/first_edition_review_crops_clean/B01-C201__Fossil__58_62__Mr. Fuji.jpg,Unlimited,Pokemon Mr. Fuji 58/62 Fossil Unlimited MP,,NO_TCG_PRICE,,,,,NO_TCG_PRICE,Pokemon Mr. Fuji 58/62 Fossil LP/MP,"Mr. Fuji 58/62 from Fossil.
Variant: Unlimited.
Condition estimate: LP/MP. See front and back photos for exact condition.
Raw card, not graded.",,
B01-C202,cards/binder_1/card_202_front.jpg,cards/binder_1/card_202_back.jpg,59/62,Energy Search,Fossil,Common,LP/MP,MP,unlimited_confirmed,NO,NOT_APPLICABLE,YES,NO,HIGH,Manually checked; no 1st Edition stamp found. Treat as Unlimited.,,,bulk,NO,fixed_by_card_number_api,0.2839,B01-C057,output/first_edition_review_crops_clean/B01-C202__Fossil__59_62__Energy Search.jpg,Unlimited,Pokemon Energy Search 59/62 Fossil Unlimited MP,,NO_TCG_PRICE,,,,,NO_TCG_PRICE,Pokemon Energy Search 59/62 Fossil LP/MP,"Energy Search 59/62 from Fossil.
Variant: Unlimited.
Condition estimate: LP/MP. See front and back photos for exact condition.
Raw card, not graded.",,
B01-C203,cards/binder_1/card_203_front.jpg,cards/binder_1/card_203_back.jpg,80/102,Defender,Base,Uncommon,LP/MP,MP,base_unlimited_confirmed,NO,NO,YES,NO,HIGH,Base Unlimited confirmed; no Shadowless marker found.,,,bulk,NO,fixed_by_card_number_api,0.2672,B01-C032,output/first_edition_review_crops_clean/B01-C203__Base__80_102__Defender.jpg,Unlimited,Pokemon Defender 80/102 Base Unlimited MP,1.46,TCGPLAYER_MARKET,,,,1.02,TCG_API_REFERENCE_ESTIMATE_70_PERCENT_FOR_LP_MP,Pokemon Defender 80/102 Base LP/MP,"Defender 80/102 from Base.
Variant: Unlimited.
Condition estimate: LP/MP. See front and back photos for exact condition.
Raw card, not graded.",,
B01-C204,cards/binder_1/card_204_front.jpg,cards/binder_1/card_204_back.jpg,61/62,Recycle,Fossil,Common,LP/MP,MP,unlimited_confirmed,NO,NOT_APPLICABLE,YES,NO,HIGH,Manually checked; no 1st Edition stamp found. Treat as Unlimited.,,,bulk,NO,fixed_by_card_number_api,0.2413,B01-C032,output/first_edition_review_crops_clean/B01-C204__Fossil__61_62__Recycle.jpg,Unlimited,Pokemon Recycle 61/62 Fossil Unlimited MP,,NO_TCG_PRICE,,,,,NO_TCG_PRICE,Pokemon Recycle 61/62 Fossil LP/MP,"Recycle 61/62 from Fossil.
Variant: Unlimited.
Condition estimate: LP/MP. See front and back photos for exact condition.
Raw card, not graded.",,
B01-C205,cards/binder_1/card_205_front.jpg,cards/binder_1/card_205_back.jpg,57/64,Nidoran♀,Jungle,Common,LP/MP,MP,unlimited_confirmed,NO,NOT_APPLICABLE,YES,NO,HIGH,Manually checked; no 1st Edition stamp found. Treat as Unlimited.,,,bulk,NO,fixed_from_saved_vision_or_visual_confirmation,0.2880,B01-C032,output/first_edition_review_crops_clean/B01-C205__Jungle__57_64__Nidoran_.jpg,Unlimited,Pokemon Nidoran♀ 57/64 Jungle Unlimited MP,,NO_TCG_MATCH,,,,,NO_TCG_MATCH,Pokemon Nidoran♀ 57/64 Jungle LP/MP,"Nidoran♀ 57/64 from Jungle.
Variant: Unlimited.
Condition estimate: LP/MP. See front and back photos for exact condition.
Raw card, not graded.",,
B01-C206,cards/binder_1/card_206_front.jpg,cards/binder_1/card_206_back.jpg,53/64,Goldeen,Jungle,Common,LP/MP,MP,unlimited_confirmed,NO,NOT_APPLICABLE,YES,NO,HIGH,Manually checked; no 1st Edition stamp found. Treat as Unlimited.,,,bulk,NO,vision_full_card_api_validated,0.1807,B01-C032,output/first_edition_review_crops_clean/B01-C206__Jungle__53_64__Goldeen.jpg,Unlimited,Pokemon Goldeen 53/64 Jungle Unlimited MP,,NO_TCG_PRICE,,,,,NO_TCG_PRICE,Pokemon Goldeen 53/64 Jungle LP/MP,"Goldeen 53/64 from Jungle.
Variant: Unlimited.
Condition estimate: LP/MP. See front and back photos for exact condition.
Raw card, not graded.",,
B01-C207,cards/binder_1/card_207_front.jpg,cards/binder_1/card_207_back.jpg,48/62,Grimer,Fossil,Common,LP/MP,MP,unlimited_confirmed,NO,NOT_APPLICABLE,YES,NO,HIGH,Manually checked; no 1st Edition stamp found. Treat as Unlimited.,,,bulk,NO,vision_full_card_api_validated,0.2864,B01-C032,output/first_edition_review_crops_clean/B01-C207__Fossil__48_62__Grimer.jpg,Unlimited,Pokemon Grimer 48/62 Fossil Unlimited MP,,NO_TCG_PRICE,,,,,NO_TCG_PRICE,Pokemon Grimer 48/62 Fossil LP/MP,"Grimer 48/62 from Fossil.
Variant: Unlimited.
Condition estimate: LP/MP. See front and back photos for exact condition.
Raw card, not graded.",,
B01-C208,cards/binder_1/card_208_front.jpg,cards/binder_1/card_208_back.jpg,73/102,Impostor Professor Oak,Base,Rare,LP/MP,MP,base_unlimited_confirmed,NO,NO,YES,NO,HIGH,Base Unlimited confirmed; no Shadowless marker found.,,,bulk_or_lot,NO,fixed_by_card_number_api,0.2389,B01-C032,output/first_edition_review_crops_clean/B01-C208__Base__73_102__Impostor Professor Oak.jpg,Unlimited,Pokemon Impostor Professor Oak 73/102 Base Unlimited MP,,,0.73,1.50,1.95,1.50,APIFY_SOLD_COMPS_PRIORITY_CARD,Pokemon Impostor Professor Oak 73/102 Base LP/MP,"Impostor Professor Oak 73/102 from Base.
Variant: Unlimited.
Condition estimate: LP/MP. See front and back photos for exact condition.
Raw card, not graded.",Complete Your Set - SHADOWLESS Pokemon Base Set Cards WOTC 1999 - Pick || Imposter Professor Oak 73/102 - Classic Celebrations Holo Pokemon Card || Pokemon TCG Base Set Pokémon Trading Card Singles Wizards of The Coast || Imposter Professor Oak 73/102 - Classic Celebrations Holo Pokemon Card || IMPOSTER PROFESSOR OAK - 102/130 - BASE SET 2 - - LP || Pokémon Imposter Professor Oak 73/102 Celebrations Holo Trainer Card || x1 Imposter Professor Oak - 73/102 - Classic Holo Rare Pokemon Celebrations M/NM || PROFESSOR OAK 88/102 UNCOMMON BASE SET UNLIMITED POKEMON MP || Imposter Professor Oak 73/102 - Classic Celebrations Holo Pokemon Card || Pokémon Tcg Imposter Professor Oak 73/102 Base Set Non Holo HP,0.73 | 1.00 | 1.49 | 1.49 | 1.50 | 1.62 | 1.70 | 1.74 | 1.79 | 1.95
B01-C209,cards/binder_1/card_209_front.jpg,cards/binder_1/card_209_back.jpg,94/102,Potion,Base,Common,LP/MP,MP,base_unlimited_confirmed,NO,NO,YES,NO,HIGH,Base Unlimited confirmed; no Shadowless marker found.,,,bulk,NO,fixed_by_card_number_api,0.3399,B01-C032,output/first_edition_review_crops_clean/B01-C209__Base__94_102__Potion.jpg,Unlimited,Pokemon Potion 94/102 Base Unlimited MP,0.32,TCGPLAYER_MARKET,,,,0.22,TCG_API_REFERENCE_ESTIMATE_70_PERCENT_FOR_LP_MP,Pokemon Potion 94/102 Base LP/MP,"Potion 94/102 from Base.
Variant: Unlimited.
Condition estimate: LP/MP. See front and back photos for exact condition.
Raw card, not graded.",,
B01-C210,cards/binder_1/card_210_front.jpg,cards/binder_1/card_210_back.jpg,72/82,Rocket's Sneak Attack,Team Rocket,Rare,LP/MP,MP,unlimited_confirmed,NO,NOT_APPLICABLE,YES,NO,HIGH,Manually checked; no 1st Edition stamp found. Treat as Unlimited.,,,bulk_or_lot,NO,fixed_by_card_number_api,0.3323,B01-C032,output/first_edition_review_crops_clean/B01-C210__Team Rocket__72_82__Rocket_s Sneak Attack.jpg,Unlimited,Pokemon Rocket's Sneak Attack 72/82 Team Rocket Unlimited MP,,,2.25,4.30,5.49,4.30,APIFY_SOLD_COMPS_PRIORITY_CARD,Pokemon Rocket's Sneak Attack 72/82 Team Rocket LP/MP,"Rocket's Sneak Attack 72/82 from Team Rocket.
Variant: Unlimited.
Condition estimate: LP/MP. See front and back photos for exact condition.
Raw card, not graded.",2000 Pokemon Team Rocket First Edition Rocket's Sneak Attack #72/82 Lp To Mp || Pokémon TCG Rocket's Sneak Attack 72/82 Team Rocket Non Holo Rare (English) - MP || Rocket's Sneak Attack 72/82 R Team Rocket DMG || Rocket's Sneak Attack - 72/82 - Rare -  MP -  POKEMON - FREE SHIPPING !!! || Rocket's Sneak Attack (72) Unlimited Rare Pokemon Team Rocket 72/82 MP || Pokémon Rocket's Sneak Attack 72/82 Team Rocket Unlimited Rare English - HP || Rocket's Sneak Attack (72) Unlimited Rare Team Rocket 72/82 HP/D || Pokémon Rocket's Sneak Attack 72/82 Team Rocket Unlimited Rare English - HP || Rocket's Sneak Attack 72 Team Rocket Pokemon PTCG rare || Pokémon Rocket's Sneak Attack 72/82 Team Rocket Unlimited Rare English - HP,2.25 | 2.25 | 3.00 | 4.77 | 4.99 | 4.99 | 4.99 | 5.00 | 5.29 | 5.49
B01-C211,cards/binder_1/card_211_front.jpg,cards/binder_1/card_211_back.jpg,94/102,Potion,Base,Common,LP/MP,MP,base_unlimited_confirmed,NO,NO,YES,NO,HIGH,Base Unlimited confirmed; no Shadowless marker found.,,,bulk,NO,fixed_by_card_number_api,0.2648,B01-C032,output/first_edition_review_crops_clean/B01-C211__Base__94_102__Potion.jpg,Unlimited,Pokemon Potion 94/102 Base Unlimited MP,0.32,TCGPLAYER_MARKET,,,,0.22,TCG_API_REFERENCE_ESTIMATE_70_PERCENT_FOR_LP_MP,Pokemon Potion 94/102 Base LP/MP,"Potion 94/102 from Base.
Variant: Unlimited.
Condition estimate: LP/MP. See front and back photos for exact condition.
Raw card, not graded.",,
B01-C212,cards/binder_1/card_212_front.jpg,cards/binder_1/card_212_back.jpg,93/102,Gust of Wind,Base,Common,LP/MP,MP,base_unlimited_confirmed,NO,NO,YES,NO,HIGH,Base Unlimited confirmed; no Shadowless marker found.,,,bulk,NO,fixed_by_card_number_api,0.3352,B01-C032,output/first_edition_review_crops_clean/B01-C212__Base__93_102__Gust of Wind.jpg,Unlimited,Pokemon Gust of Wind 93/102 Base Unlimited MP,0.34,TCGPLAYER_MARKET,,,,0.24,TCG_API_REFERENCE_ESTIMATE_70_PERCENT_FOR_LP_MP,Pokemon Gust of Wind 93/102 Base LP/MP,"Gust of Wind 93/102 from Base.
Variant: Unlimited.
Condition estimate: LP/MP. See front and back photos for exact condition.
Raw card, not graded.",,
B01-C213,cards/binder_1/card_213_front.jpg,cards/binder_1/card_213_back.jpg,91/102,Bill,Base,Common,LP/MP,MP,base_unlimited_confirmed,NO,NO,YES,NO,HIGH,Base Unlimited confirmed; no Shadowless marker found.,,,bulk,NO,fixed_by_card_number_api,0.2353,B01-C032,output/first_edition_review_crops_clean/B01-C213__Base__91_102__Bill.jpg,Unlimited,Pokemon Bill 91/102 Base Unlimited MP,0.39,TCGPLAYER_MARKET,,,,0.27,TCG_API_REFERENCE_ESTIMATE_70_PERCENT_FOR_LP_MP,Pokemon Bill 91/102 Base LP/MP,"Bill 91/102 from Base.
Variant: Unlimited.
Condition estimate: LP/MP. See front and back photos for exact condition.
Raw card, not graded.",,
B01-C214,cards/binder_1/card_214_front.jpg,cards/binder_1/card_214_back.jpg,92/102,Energy Removal,Base,Common,LP/MP,MP,base_unlimited_confirmed,NO,NO,YES,NO,HIGH,Base Unlimited confirmed; no Shadowless marker found.,,,bulk,NO,fixed_by_card_number_api,0.2811,B01-C057,output/first_edition_review_crops_clean/B01-C214__Base__92_102__Energy Removal.jpg,Unlimited,Pokemon Energy Removal 92/102 Base Unlimited MP,0.50,TCGPLAYER_MARKET,,,,0.35,TCG_API_REFERENCE_ESTIMATE_70_PERCENT_FOR_LP_MP,Pokemon Energy Removal 92/102 Base LP/MP,"Energy Removal 92/102 from Base.
Variant: Unlimited.
Condition estimate: LP/MP. See front and back photos for exact condition.
Raw card, not graded.",,
B01-C215,cards/binder_1/card_215_front.jpg,cards/binder_1/card_215_back.jpg,94/102,Potion,Base,Common,LP/MP,MP,base_unlimited_confirmed,NO,NO,YES,NO,HIGH,Base Unlimited confirmed; no Shadowless marker found.,,,bulk,NO,fixed_by_card_number_api,0.3519,B01-C057,output/first_edition_review_crops_clean/B01-C215__Base__94_102__Potion.jpg,Unlimited,Pokemon Potion 94/102 Base Unlimited MP,0.32,TCGPLAYER_MARKET,,,,0.22,TCG_API_REFERENCE_ESTIMATE_70_PERCENT_FOR_LP_MP,Pokemon Potion 94/102 Base LP/MP,"Potion 94/102 from Base.
Variant: Unlimited.
Condition estimate: LP/MP. See front and back photos for exact condition.
Raw card, not graded.",,
B01-C216,cards/binder_1/card_216_front.jpg,cards/binder_1/card_216_back.jpg,93/102,Gust of Wind,Base,Common,LP/MP,MP,base_unlimited_confirmed,NO,NO,YES,NO,HIGH,Base Unlimited confirmed; no Shadowless marker found.,,,bulk,NO,fixed_by_card_number_api,0.2331,B01-C032,output/first_edition_review_crops_clean/B01-C216__Base__93_102__Gust of Wind.jpg,Unlimited,Pokemon Gust of Wind 93/102 Base Unlimited MP,0.34,TCGPLAYER_MARKET,,,,0.24,TCG_API_REFERENCE_ESTIMATE_70_PERCENT_FOR_LP_MP,Pokemon Gust of Wind 93/102 Base LP/MP,"Gust of Wind 93/102 from Base.
Variant: Unlimited.
Condition estimate: LP/MP. See front and back photos for exact condition.
Raw card, not graded.",,
B01-C217,cards/binder_1/card_217_front.jpg,cards/binder_1/card_217_back.jpg,59/62,Energy Search,Fossil,Common,LP/MP,MP,unlimited_confirmed,NO,NOT_APPLICABLE,YES,NO,HIGH,Manually checked; no 1st Edition stamp found. Treat as Unlimited.,,,bulk,NO,fixed_by_card_number_api,0.3278,B01-C032,output/first_edition_review_crops_clean/B01-C217__Fossil__59_62__Energy Search.jpg,Unlimited,Pokemon Energy Search 59/62 Fossil Unlimited MP,,NO_TCG_PRICE,,,,,NO_TCG_PRICE,Pokemon Energy Search 59/62 Fossil LP/MP,"Energy Search 59/62 from Fossil.
Variant: Unlimited.
Condition estimate: LP/MP. See front and back photos for exact condition.
Raw card, not graded.",,
B01-C218,cards/binder_1/card_218_front.jpg,cards/binder_1/card_218_back.jpg,94/102,Potion,Base,Common,LP/MP,MP,base_unlimited_confirmed,NO,NO,YES,NO,HIGH,Base Unlimited confirmed; no Shadowless marker found.,,,bulk,NO,fixed_by_card_number_api,0.1878,B01-C032,output/first_edition_review_crops_clean/B01-C218__Base__94_102__Potion.jpg,Unlimited,Pokemon Potion 94/102 Base Unlimited MP,0.32,TCGPLAYER_MARKET,,,,0.22,TCG_API_REFERENCE_ESTIMATE_70_PERCENT_FOR_LP_MP,Pokemon Potion 94/102 Base LP/MP,"Potion 94/102 from Base.
Variant: Unlimited.
Condition estimate: LP/MP. See front and back photos for exact condition.
Raw card, not graded.",,
B01-C219,cards/binder_1/card_219_front.jpg,cards/binder_1/card_219_back.jpg,94/102,Potion,Base,Common,LP/MP,MP,base_unlimited_confirmed,NO,NO,YES,NO,HIGH,Base Unlimited confirmed; no Shadowless marker found.,,,bulk,NO,fixed_by_card_number_api,0.2610,B01-C032,output/first_edition_review_crops_clean/B01-C219__Base__94_102__Potion.jpg,Unlimited,Pokemon Potion 94/102 Base Unlimited MP,0.32,TCGPLAYER_MARKET,,,,0.22,TCG_API_REFERENCE_ESTIMATE_70_PERCENT_FOR_LP_MP,Pokemon Potion 94/102 Base LP/MP,"Potion 94/102 from Base.
Variant: Unlimited.
Condition estimate: LP/MP. See front and back photos for exact condition.
Raw card, not graded.",,
B01-C220,cards/binder_1/card_220_front.jpg,cards/binder_1/card_220_back.jpg,118/130,Bill,Base Set 2,Common,LP/MP,MP,unlimited_or_normal,NO,NOT_APPLICABLE,YES,NO,MEDIUM,No special 1st Edition/Shadowless variant expected.,,,bulk,NO,fixed_by_card_number_api,,,,Unlimited,Pokemon Bill 118/130 Base Set 2 Unlimited MP,0.27,TCGPLAYER_MARKET,,,,0.19,TCG_API_REFERENCE_ESTIMATE_70_PERCENT_FOR_LP_MP,Pokemon Bill 118/130 Base Set 2 LP/MP,"Bill 118/130 from Base Set 2.
Variant: Unlimited.
Condition estimate: LP/MP. See front and back photos for exact condition.
Raw card, not graded.",,
B01-C221,cards/binder_1/card_221_front.jpg,cards/binder_1/card_221_back.jpg,93/102,Gust of Wind,Base,Common,LP/MP,MP,base_unlimited_confirmed,NO,NO,YES,NO,HIGH,Base Unlimited confirmed; no Shadowless marker found.,,,bulk,NO,fixed_by_card_number_api,0.3090,B01-C057,output/first_edition_review_crops_clean/B01-C221__Base__93_102__Gust of Wind.jpg,Unlimited,Pokemon Gust of Wind 93/102 Base Unlimited MP,0.34,TCGPLAYER_MARKET,,,,0.24,TCG_API_REFERENCE_ESTIMATE_70_PERCENT_FOR_LP_MP,Pokemon Gust of Wind 93/102 Base LP/MP,"Gust of Wind 93/102 from Base.
Variant: Unlimited.
Condition estimate: LP/MP. See front and back photos for exact condition.
Raw card, not graded.",,
B01-C222,cards/binder_1/card_222_front.jpg,cards/binder_1/card_222_back.jpg,91/111,Bill's Teleporter,Neo Genesis,Uncommon,LP/MP,MP,unlimited_or_normal,NO,NOT_APPLICABLE,YES,NO,MEDIUM,No special 1st Edition/Shadowless variant expected.,,,bulk,NO,fixed_from_saved_vision_or_visual_confirmation,,,,Unlimited,Pokemon Bill's Teleporter 91/111 Neo Genesis Unlimited MP,,NO_TCG_PRICE,,,,,NO_TCG_PRICE,Pokemon Bill's Teleporter 91/111 Neo Genesis LP/MP,"Bill's Teleporter 91/111 from Neo Genesis.
Variant: Unlimited.
Condition estimate: LP/MP. See front and back photos for exact condition.
Raw card, not graded.",,
B01-C223,cards/binder_1/card_223_front.jpg,cards/binder_1/card_223_back.jpg,79/82,Sleep!,Team Rocket,Common,LP/MP,MP,unlimited_confirmed,NO,NOT_APPLICABLE,YES,NO,HIGH,Manually checked; no 1st Edition stamp found. Treat as Unlimited.,,,bulk,NO,fixed_by_card_number_api,0.2421,B01-C032,output/first_edition_review_crops_clean/B01-C223__Team Rocket__79_82__Sleep_.jpg,Unlimited,Pokemon Sleep! 79/82 Team Rocket Unlimited MP,,NO_TCG_PRICE,,,,,NO_TCG_PRICE,Pokemon Sleep! 79/82 Team Rocket LP/MP,"Sleep! 79/82 from Team Rocket.
Variant: Unlimited.
Condition estimate: LP/MP. See front and back photos for exact condition.
Raw card, not graded.",,
B01-C224,cards/binder_1/card_224_front.jpg,cards/binder_1/card_224_back.jpg,93/102,Gust of Wind,Base,Common,LP/MP,MP,base_unlimited_confirmed,NO,NO,YES,NO,HIGH,Base Unlimited confirmed; no Shadowless marker found.,,,bulk,NO,fixed_by_card_number_api,0.3299,B01-C032,output/first_edition_review_crops_clean/B01-C224__Base__93_102__Gust of Wind.jpg,Unlimited,Pokemon Gust of Wind 93/102 Base Unlimited MP,0.34,TCGPLAYER_MARKET,,,,0.24,TCG_API_REFERENCE_ESTIMATE_70_PERCENT_FOR_LP_MP,Pokemon Gust of Wind 93/102 Base LP/MP,"Gust of Wind 93/102 from Base.
Variant: Unlimited.
Condition estimate: LP/MP. See front and back photos for exact condition.
Raw card, not graded.",,
B01-C225,cards/binder_1/card_225_front.jpg,cards/binder_1/card_225_back.jpg,86/102,Pokémon Flute,Base,Uncommon,LP/MP,MP,base_unlimited_confirmed,NO,NO,YES,NO,HIGH,Base Unlimited confirmed; no Shadowless marker found.,,,small_lot_or_single,NO,fixed_by_card_number_api,0.2595,B01-C057,output/first_edition_review_crops_clean/B01-C225__Base__86_102__Pokémon Flute.jpg,Unlimited,Pokemon Pokémon Flute 86/102 Base Unlimited MP,3.54,TCGPLAYER_MARKET,,,,2.48,TCG_API_REFERENCE_ESTIMATE_70_PERCENT_FOR_LP_MP,Pokemon Pokémon Flute 86/102 Base LP/MP,"Pokémon Flute 86/102 from Base.
Variant: Unlimited.
Condition estimate: LP/MP. See front and back photos for exact condition.
Raw card, not graded.",,
B02-C001,cards/binder_2/card_1_front.jpg,cards/binder_2/card_1_back.jpg,43/102,Abra,Base,Common,LP/MP,MP,base_unlimited_confirmed,NO,NO,YES,NO,HIGH,Base Unlimited confirmed; no Shadowless marker found.,,,bulk,NO,vision_full_card_api_validated,0.3723,B01-C057,output/first_edition_review_crops_clean/B02-C001__Base__43_102__Abra.jpg,Unlimited,Pokemon Abra 43/102 Base Unlimited MP,1.52,TCGPLAYER_MARKET,,,,1.06,TCG_API_REFERENCE_ESTIMATE_70_PERCENT_FOR_LP_MP,Pokemon Abra 43/102 Base LP/MP,"Abra 43/102 from Base.
Variant: Unlimited.
Condition estimate: LP/MP. See front and back photos for exact condition.
Raw card, not graded.",,
B02-C002,cards/binder_2/card_2_front.jpg,cards/binder_2/card_2_back.jpg,65/82,Psyduck,Team Rocket,Common,LP/MP,MP,unlimited_confirmed,NO,NOT_APPLICABLE,YES,NO,HIGH,Manually checked; no 1st Edition stamp found. Treat as Unlimited.,,,bulk,NO,vision_full_card_api_validated,0.3930,B01-C057,output/first_edition_review_crops_clean/B02-C002__Team Rocket__65_82__Psyduck.jpg,Unlimited,Pokemon Psyduck 65/82 Team Rocket Unlimited MP,,NO_TCG_PRICE,,,,,NO_TCG_PRICE,Pokemon Psyduck 65/82 Team Rocket LP/MP,"Psyduck 65/82 from Team Rocket.
Variant: Unlimited.
Condition estimate: LP/MP. See front and back photos for exact condition.
Raw card, not graded.",,
B02-C003,cards/binder_2/card_3_front.jpg,cards/binder_2/card_3_back.jpg,52/82,Diglett,Team Rocket,Common,LP/MP,MP,unlimited_confirmed,NO,NOT_APPLICABLE,YES,NO,HIGH,Manually checked; no 1st Edition stamp found. Treat as Unlimited.,,,bulk,NO,vision_full_card_api_validated,0.2554,B01-C057,output/first_edition_review_crops_clean/B02-C003__Team Rocket__52_82__Diglett.jpg,Unlimited,Pokemon Diglett 52/82 Team Rocket Unlimited MP,,NO_TCG_PRICE,,,,,NO_TCG_PRICE,Pokemon Diglett 52/82 Team Rocket LP/MP,"Diglett 52/82 from Team Rocket.
Variant: Unlimited.
Condition estimate: LP/MP. See front and back photos for exact condition.
Raw card, not graded.",,
B02-C004,cards/binder_2/card_4_front.jpg,cards/binder_2/card_4_back.jpg,54/64,Jigglypuff,Jungle,Common,LP/MP,MP,unlimited_confirmed,NO,NOT_APPLICABLE,YES,NO,HIGH,Manually checked; no 1st Edition stamp found. Treat as Unlimited.,,,bulk,NO,vision_full_card_api_validated,-0.4540,B01-C110,output/first_edition_review_crops_clean/B02-C004__Jungle__54_64__Jigglypuff.jpg,Unlimited,Pokemon Jigglypuff 54/64 Jungle Unlimited MP,,NO_TCG_PRICE,,,,,NO_TCG_PRICE,Pokemon Jigglypuff 54/64 Jungle LP/MP,"Jigglypuff 54/64 from Jungle.
Variant: Unlimited.
Condition estimate: LP/MP. See front and back photos for exact condition.
Raw card, not graded.",,
B02-C005,cards/binder_2/card_5_front.jpg,cards/binder_2/card_5_back.jpg,42/64,Persian,Jungle,Uncommon,LP/MP,MP,unlimited_confirmed,NO,NOT_APPLICABLE,YES,NO,HIGH,Manually checked; no 1st Edition stamp found. Treat as Unlimited.,,,bulk,NO,vision_full_card_api_validated,-0.4393,B01-C057,output/first_edition_review_crops_clean/B02-C005__Jungle__42_64__Persian.jpg,Unlimited,Pokemon Persian 42/64 Jungle Unlimited MP,,NO_TCG_PRICE,,,,,NO_TCG_PRICE,Pokemon Persian 42/64 Jungle LP/MP,"Persian 42/64 from Jungle.
Variant: Unlimited.
Condition estimate: LP/MP. See front and back photos for exact condition.
Raw card, not graded.",,
B02-C006,cards/binder_2/card_6_front.jpg,cards/binder_2/card_6_back.jpg,62/64,Spearow,Jungle,Common,LP/MP,MP,unlimited_confirmed,NO,NOT_APPLICABLE,YES,NO,HIGH,Manually checked; no 1st Edition stamp found. Treat as Unlimited.,,,bulk,NO,vision_full_card_api_validated,-0.3846,B01-C032,output/first_edition_review_crops_clean/B02-C006__Jungle__62_64__Spearow.jpg,Unlimited,Pokemon Spearow 62/64 Jungle Unlimited MP,,NO_TCG_PRICE,,,,,NO_TCG_PRICE,Pokemon Spearow 62/64 Jungle LP/MP,"Spearow 62/64 from Jungle.
Variant: Unlimited.
Condition estimate: LP/MP. See front and back photos for exact condition.
Raw card, not graded.",,
B02-C007,cards/binder_2/card_7_front.jpg,cards/binder_2/card_7_back.jpg,32/102,Kadabra,Base,Uncommon,LP/MP,MP,base_unlimited_confirmed,NO,NO,YES,NO,HIGH,Base Unlimited confirmed; no Shadowless marker found.,,,bulk,NO,vision_full_card_api_validated,0.2267,B01-C032,output/first_edition_review_crops_clean/B02-C007__Base__32_102__Kadabra.jpg,Unlimited,Pokemon Kadabra 32/102 Base Unlimited MP,1.85,TCGPLAYER_MARKET,,,,1.29,TCG_API_REFERENCE_ESTIMATE_70_PERCENT_FOR_LP_MP,Pokemon Kadabra 32/102 Base LP/MP,"Kadabra 32/102 from Base.
Variant: Unlimited.
Condition estimate: LP/MP. See front and back photos for exact condition.
Raw card, not graded.",,
B02-C008,cards/binder_2/card_8_front.jpg,cards/binder_2/card_8_back.jpg,35/102,Magikarp,Base,Uncommon,LP/MP,MP,base_unlimited_confirmed,NO,NO,YES,NO,HIGH,Base Unlimited confirmed; no Shadowless marker found.,,,small_lot_or_single,NO,vision_full_card_api_validated,0.3658,B01-C057,output/first_edition_review_crops_clean/B02-C008__Base__35_102__Magikarp.jpg,Unlimited,Pokemon Magikarp 35/102 Base Unlimited MP,3.86,TCGPLAYER_MARKET,,,,2.70,TCG_API_REFERENCE_ESTIMATE_70_PERCENT_FOR_LP_MP,Pokemon Magikarp 35/102 Base LP/MP,"Magikarp 35/102 from Base.
Variant: Unlimited.
Condition estimate: LP/MP. See front and back photos for exact condition.
Raw card, not graded.",,
B02-C009,cards/binder_2/card_9_front.jpg,cards/binder_2/card_9_back.jpg,36/62,Golem,Fossil,Uncommon,LP/MP,MP,unlimited_confirmed,NO,NOT_APPLICABLE,YES,NO,HIGH,Manually checked; no 1st Edition stamp found. Treat as Unlimited.,,,bulk,NO,vision_full_card_api_validated,0.2482,B01-C057,output/first_edition_review_crops_clean/B02-C009__Fossil__36_62__Golem.jpg,Unlimited,Pokemon Golem 36/62 Fossil Unlimited MP,,NO_TCG_PRICE,,,,,NO_TCG_PRICE,Pokemon Golem 36/62 Fossil LP/MP,"Golem 36/62 from Fossil.
Variant: Unlimited.
Condition estimate: LP/MP. See front and back photos for exact condition.
Raw card, not graded.",,
B02-C010,cards/binder_2/card_10_front.jpg,cards/binder_2/card_10_back.jpg,35/64,Exeggutor,Jungle,Uncommon,LP/MP,MP,unlimited_confirmed,NO,NOT_APPLICABLE,YES,NO,HIGH,Manually checked; no 1st Edition stamp found. Treat as Unlimited.,,,bulk,NO,vision_full_card_api_validated,0.2204,B01-C110,output/first_edition_review_crops_clean/B02-C010__Jungle__35_64__Exeggutor.jpg,Unlimited,Pokemon Exeggutor 35/64 Jungle Unlimited MP,,NO_TCG_PRICE,,,,,NO_TCG_PRICE,Pokemon Exeggutor 35/64 Jungle LP/MP,"Exeggutor 35/64 from Jungle.
Variant: Unlimited.
Condition estimate: LP/MP. See front and back photos for exact condition.
Raw card, not graded.",,
B02-C011,cards/binder_2/card_11_front.jpg,cards/binder_2/card_11_back.jpg,40/62,Omastar,Fossil,Uncommon,LP/MP,MP,unlimited_confirmed,NO,NOT_APPLICABLE,YES,NO,HIGH,Manually checked; no 1st Edition stamp found. Treat as Unlimited.,,,bulk,NO,vision_full_card_api_validated,0.2965,B01-C057,output/first_edition_review_crops_clean/B02-C011__Fossil__40_62__Omastar.jpg,Unlimited,Pokemon Omastar 40/62 Fossil Unlimited MP,,NO_TCG_PRICE,,,,,NO_TCG_PRICE,Pokemon Omastar 40/62 Fossil LP/MP,"Omastar 40/62 from Fossil.
Variant: Unlimited.
Condition estimate: LP/MP. See front and back photos for exact condition.
Raw card, not graded.",,
B02-C012,cards/binder_2/card_12_front.jpg,cards/binder_2/card_12_back.jpg,50/62,Kabuto,Fossil,Common,LP/MP,MP,unlimited_confirmed,NO,NOT_APPLICABLE,YES,NO,HIGH,Manually checked; no 1st Edition stamp found. Treat as Unlimited.,,,bulk,NO,vision_full_card_api_validated,0.1195,B01-C032,output/first_edition_review_crops_clean/B02-C012__Fossil__50_62__Kabuto.jpg,Unlimited,Pokemon Kabuto 50/62 Fossil Unlimited MP,,NO_TCG_PRICE,,,,,NO_TCG_PRICE,Pokemon Kabuto 50/62 Fossil LP/MP,"Kabuto 50/62 from Fossil.
Variant: Unlimited.
Condition estimate: LP/MP. See front and back photos for exact condition.
Raw card, not graded.",,
B02-C013,cards/binder_2/card_13_front.jpg,cards/binder_2/card_13_back.jpg,17/102,Beedrill,Base,Rare,LP/MP,MP,base_shadowless_confirmed,NO,YES,NO,NO,HIGH,Manually confirmed Base Shadowless: no right-side artwork shadow.,,,single,NO,fixed_from_saved_vision_or_visual_confirmation,0.2551,B01-C032,output/first_edition_review_crops_clean/B02-C013__Base__17_102__Beedrill.jpg,Shadowless,Pokemon Beedrill 17/102 Base Shadowless MP,,,9.18,16.63,18.54,16.63,APIFY_SOLD_COMPS_PRIORITY_CARD,Pokemon Beedrill 17/102 Base Shadowless LP/MP,"Beedrill 17/102 from Base.
Variant: Shadowless.
Condition estimate: LP/MP. See front and back photos for exact condition.
Raw card, not graded.",BEEDRILL - 17/102 - BASE SET UNLIMITED - - HP || Pokémon TCG - Beedrill 17/102 - Rare Unlimited - Base Set Unlimited LP || Pokémon Beedrill 017/102 Base Set Regular MP || 1999 Pokemon Base Set: Choose Your Card! All Cards Available - 100% Authentic || Beedrill - 17/102 - Pokemon Base Set Unlimited Rare Card || TCG POKEMON BEEDRILL BASE SET 17/102 || ✰ BEEDRILL 17/102 RARE BASE SET UNLIMITED POKEMON ✰ HP || Pokémon TCG - Beedrill 17/102 - Rare Unlimited - Base Set Unlimited [Light Play] || Beedrill 17/102 - Base Set (MP) || Beedrill 17/102 R Base Set Unlimited MP,9.18 | 13.81 | 14.83 | 18.07 | 18.07 | 18.44 | 18.44 | 18.44 | 18.44 | 18.54
B02-C014,cards/binder_2/card_14_front.jpg,cards/binder_2/card_14_back.jpg,90/130,Rhyhorn,Base Set 2,Common,LP/MP,MP,unlimited_or_normal,NO,NOT_APPLICABLE,YES,NO,MEDIUM,No special 1st Edition/Shadowless variant expected.,,,bulk,NO,vision_full_card_api_validated,,,,Unlimited,Pokemon Rhyhorn 90/130 Base Set 2 Unlimited MP,0.64,TCGPLAYER_MARKET,,,,0.45,TCG_API_REFERENCE_ESTIMATE_70_PERCENT_FOR_LP_MP,Pokemon Rhyhorn 90/130 Base Set 2 LP/MP,"Rhyhorn 90/130 from Base Set 2.
Variant: Unlimited.
Condition estimate: LP/MP. See front and back photos for exact condition.
Raw card, not graded.",,
B02-C015,cards/binder_2/card_15_front.jpg,cards/binder_2/card_15_back.jpg,32/82,Dark Charmeleon,Team Rocket,Uncommon,LP/MP,MP,unlimited_confirmed,NO,NOT_APPLICABLE,YES,NO,HIGH,Manually checked; no 1st Edition stamp found. Treat as Unlimited.,,,bulk,NO,fixed_by_card_number_api,0.1406,B01-C032,output/first_edition_review_crops_clean/B02-C015__Team Rocket__32_82__Dark Charmeleon.jpg,Unlimited,Pokemon Dark Charmeleon 32/82 Team Rocket Unlimited MP,,NO_TCG_PRICE,,,,,NO_TCG_PRICE,Pokemon Dark Charmeleon 32/82 Team Rocket LP/MP,"Dark Charmeleon 32/82 from Team Rocket.
Variant: Unlimited.
Condition estimate: LP/MP. See front and back photos for exact condition.
Raw card, not graded.",,
B02-C016,cards/binder_2/card_16_front.jpg,cards/binder_2/card_16_back.jpg,41/64,Parasect,Jungle,Uncommon,LP/MP,MP,unlimited_confirmed,NO,NOT_APPLICABLE,YES,NO,HIGH,Manually checked; no 1st Edition stamp found. Treat as Unlimited.,,,bulk,NO,vision_full_card_api_validated,0.2730,B01-C032,output/first_edition_review_crops_clean/B02-C016__Jungle__41_64__Parasect.jpg,Unlimited,Pokemon Parasect 41/64 Jungle Unlimited MP,,NO_TCG_PRICE,,,,,NO_TCG_PRICE,Pokemon Parasect 41/64 Jungle LP/MP,"Parasect 41/64 from Jungle.
Variant: Unlimited.
Condition estimate: LP/MP. See front and back photos for exact condition.
Raw card, not graded.",,
B02-C017,cards/binder_2/card_17_front.jpg,cards/binder_2/card_17_back.jpg,42/62,Seadra,Fossil,Uncommon,LP/MP,MP,unlimited_confirmed,NO,NOT_APPLICABLE,YES,NO,HIGH,Manually checked; no 1st Edition stamp found. Treat as Unlimited.,,,bulk,NO,vision_full_card_api_validated,0.2603,B01-C032,output/first_edition_review_crops_clean/B02-C017__Fossil__42_62__Seadra.jpg,Unlimited,Pokemon Seadra 42/62 Fossil Unlimited MP,,NO_TCG_PRICE,,,,,NO_TCG_PRICE,Pokemon Seadra 42/62 Fossil LP/MP,"Seadra 42/62 from Fossil.
Variant: Unlimited.
Condition estimate: LP/MP. See front and back photos for exact condition.
Raw card, not graded.",,
B02-C018,cards/binder_2/card_18_front.jpg,cards/binder_2/card_18_back.jpg,52/62,Omanyte,Fossil,Common,LP/MP,MP,unlimited_confirmed,NO,NOT_APPLICABLE,YES,NO,HIGH,Manually checked; no 1st Edition stamp found. Treat as Unlimited.,,,bulk,NO,vision_full_card_api_validated,0.2090,B01-C032,output/first_edition_review_crops_clean/B02-C018__Fossil__52_62__Omanyte.jpg,Unlimited,Pokemon Omanyte 52/62 Fossil Unlimited MP,,NO_TCG_PRICE,,,,,NO_TCG_PRICE,Pokemon Omanyte 52/62 Fossil LP/MP,"Omanyte 52/62 from Fossil.
Variant: Unlimited.
Condition estimate: LP/MP. See front and back photos for exact condition.
Raw card, not graded.",,
B02-C019,cards/binder_2/card_19_front.jpg,cards/binder_2/card_19_back.jpg,48/62,Grimer,Fossil,Common,LP/MP,MP,unlimited_confirmed,NO,NOT_APPLICABLE,YES,NO,HIGH,Manually checked; no 1st Edition stamp found. Treat as Unlimited.,,,bulk,NO,vision_full_card_api_validated,0.3350,B01-C057,output/first_edition_review_crops_clean/B02-C019__Fossil__48_62__Grimer.jpg,Unlimited,Pokemon Grimer 48/62 Fossil Unlimited MP,,NO_TCG_PRICE,,,,,NO_TCG_PRICE,Pokemon Grimer 48/62 Fossil LP/MP,"Grimer 48/62 from Fossil.
Variant: Unlimited.
Condition estimate: LP/MP. See front and back photos for exact condition.
Raw card, not graded.",,
B02-C020,cards/binder_2/card_20_front.jpg,cards/binder_2/card_20_back.jpg,49/64,Bellsprout,Jungle,Common,LP/MP,MP,unlimited_confirmed,NO,NOT_APPLICABLE,YES,NO,HIGH,Manually checked; no 1st Edition stamp found. Treat as Unlimited.,,,bulk,NO,vision_full_card_api_validated,0.1961,B01-C110,output/first_edition_review_crops_clean/B02-C020__Jungle__49_64__Bellsprout.jpg,Unlimited,Pokemon Bellsprout 49/64 Jungle Unlimited MP,,NO_TCG_PRICE,,,,,NO_TCG_PRICE,Pokemon Bellsprout 49/64 Jungle LP/MP,"Bellsprout 49/64 from Jungle.
Variant: Unlimited.
Condition estimate: LP/MP. See front and back photos for exact condition.
Raw card, not graded.",,
B02-C021,cards/binder_2/card_21_front.jpg,cards/binder_2/card_21_back.jpg,76/130,Goldeen,Base Set 2,Common,LP/MP,MP,unlimited_or_normal,NO,NOT_APPLICABLE,YES,NO,MEDIUM,No special 1st Edition/Shadowless variant expected.,,,bulk,NO,vision_full_card_api_validated,,,,Unlimited,Pokemon Goldeen 76/130 Base Set 2 Unlimited MP,0.49,TCGPLAYER_MARKET,,,,0.34,TCG_API_REFERENCE_ESTIMATE_70_PERCENT_FOR_LP_MP,Pokemon Goldeen 76/130 Base Set 2 LP/MP,"Goldeen 76/130 from Base Set 2.
Variant: Unlimited.
Condition estimate: LP/MP. See front and back photos for exact condition.
Raw card, not graded.",,
B02-C022,cards/binder_2/card_22_front.jpg,cards/binder_2/card_22_back.jpg,43/102,Abra,Base,Common,LP/MP,MP,base_unlimited_confirmed,NO,NO,YES,NO,HIGH,Base Unlimited confirmed; no Shadowless marker found.,,,bulk,NO,vision_full_card_api_validated,0.3585,B01-C057,output/first_edition_review_crops_clean/B02-C022__Base__43_102__Abra.jpg,Unlimited,Pokemon Abra 43/102 Base Unlimited MP,1.52,TCGPLAYER_MARKET,,,,1.06,TCG_API_REFERENCE_ESTIMATE_70_PERCENT_FOR_LP_MP,Pokemon Abra 43/102 Base LP/MP,"Abra 43/102 from Base.
Variant: Unlimited.
Condition estimate: LP/MP. See front and back photos for exact condition.
Raw card, not graded.",,
B02-C023,cards/binder_2/card_23_front.jpg,cards/binder_2/card_23_back.jpg,56/64,Meowth,Jungle,Common,LP/MP,MP,unlimited_confirmed,NO,NOT_APPLICABLE,YES,NO,HIGH,Manually checked; no 1st Edition stamp found. Treat as Unlimited.,,,bulk,NO,vision_full_card_api_validated,-0.4065,B01-C032,output/first_edition_review_crops_clean/B02-C023__Jungle__56_64__Meowth.jpg,Unlimited,Pokemon Meowth 56/64 Jungle Unlimited MP,,NO_TCG_PRICE,,,,,NO_TCG_PRICE,Pokemon Meowth 56/64 Jungle LP/MP,"Meowth 56/64 from Jungle.
Variant: Unlimited.
Condition estimate: LP/MP. See front and back photos for exact condition.
Raw card, not graded.",,
B02-C024,cards/binder_2/card_24_front.jpg,cards/binder_2/card_24_back.jpg,53/82,Dratini,Team Rocket,Common,LP/MP,MP,unlimited_confirmed,NO,NOT_APPLICABLE,YES,NO,HIGH,Manually checked; no 1st Edition stamp found. Treat as Unlimited.,,,bulk,NO,vision_full_card_api_validated,-0.4145,B01-C032,output/first_edition_review_crops_clean/B02-C024__Team Rocket__53_82__Dratini.jpg,Unlimited,Pokemon Dratini 53/82 Team Rocket Unlimited MP,,NO_TCG_PRICE,,,,,NO_TCG_PRICE,Pokemon Dratini 53/82 Team Rocket LP/MP,"Dratini 53/82 from Team Rocket.
Variant: Unlimited.
Condition estimate: LP/MP. See front and back photos for exact condition.
Raw card, not graded.",,
B02-C025,cards/binder_2/card_25_front.jpg,cards/binder_2/card_25_back.jpg,52/62,Omanyte,Fossil,Common,LP/MP,MP,unlimited_confirmed,NO,NOT_APPLICABLE,YES,NO,HIGH,Manually checked; no 1st Edition stamp found. Treat as Unlimited.,,,bulk,NO,vision_full_card_api_validated,0.3258,B01-C057,output/first_edition_review_crops_clean/B02-C025__Fossil__52_62__Omanyte.jpg,Unlimited,Pokemon Omanyte 52/62 Fossil Unlimited MP,,NO_TCG_PRICE,,,,,NO_TCG_PRICE,Pokemon Omanyte 52/62 Fossil LP/MP,"Omanyte 52/62 from Fossil.
Variant: Unlimited.
Condition estimate: LP/MP. See front and back photos for exact condition.
Raw card, not graded.",,
B02-C026,cards/binder_2/card_26_front.jpg,cards/binder_2/card_26_back.jpg,66/102,Tangela,Base,Common,LP/MP,MP,base_unlimited_confirmed,NO,NO,YES,NO,HIGH,Base Unlimited confirmed; no Shadowless marker found.,,,bulk,NO,vision_full_card_api_validated,0.2042,B01-C057,output/first_edition_review_crops_clean/B02-C026__Base__66_102__Tangela.jpg,Unlimited,Pokemon Tangela 66/102 Base Unlimited MP,1.17,TCGPLAYER_MARKET,,,,0.82,TCG_API_REFERENCE_ESTIMATE_70_PERCENT_FOR_LP_MP,Pokemon Tangela 66/102 Base LP/MP,"Tangela 66/102 from Base.
Variant: Unlimited.
Condition estimate: LP/MP. See front and back photos for exact condition.
Raw card, not graded.",,
B02-C027,cards/binder_2/card_27_front.jpg,cards/binder_2/card_27_back.jpg,52/62,Omanyte,Fossil,Common,LP/MP,MP,unlimited_confirmed,NO,NOT_APPLICABLE,YES,NO,HIGH,Manually checked; no 1st Edition stamp found. Treat as Unlimited.,,,bulk,NO,vision_full_card_api_validated,0.3335,B01-C057,output/first_edition_review_crops_clean/B02-C027__Fossil__52_62__Omanyte.jpg,Unlimited,Pokemon Omanyte 52/62 Fossil Unlimited MP,,NO_TCG_PRICE,,,,,NO_TCG_PRICE,Pokemon Omanyte 52/62 Fossil LP/MP,"Omanyte 52/62 from Fossil.
Variant: Unlimited.
Condition estimate: LP/MP. See front and back photos for exact condition.
Raw card, not graded.",,
B02-C028,cards/binder_2/card_28_front.jpg,cards/binder_2/card_28_back.jpg,56/102,Onix,Base,Common,LP/MP,MP,base_unlimited_confirmed,NO,NO,YES,NO,HIGH,Base Unlimited confirmed; no Shadowless marker found.,,,bulk,NO,vision_full_card_api_validated,0.1478,B01-C057,output/first_edition_review_crops_clean/B02-C028__Base__56_102__Onix.jpg,Unlimited,Pokemon Onix 56/102 Base Unlimited MP,1.10,TCGPLAYER_MARKET,,,,0.77,TCG_API_REFERENCE_ESTIMATE_70_PERCENT_FOR_LP_MP,Pokemon Onix 56/102 Base LP/MP,"Onix 56/102 from Base.
Variant: Unlimited.
Condition estimate: LP/MP. See front and back photos for exact condition.
Raw card, not graded.",,
B02-C029,cards/binder_2/card_29_front.jpg,cards/binder_2/card_29_back.jpg,61/64,Rhyhorn,Jungle,Common,LP/MP,MP,unlimited_confirmed,NO,NOT_APPLICABLE,YES,NO,HIGH,Manually checked; no 1st Edition stamp found. Treat as Unlimited.,,,bulk,NO,vision_full_card_api_validated,0.0638,B01-C110,output/first_edition_review_crops_clean/B02-C029__Jungle__61_64__Rhyhorn.jpg,Unlimited,Pokemon Rhyhorn 61/64 Jungle Unlimited MP,,NO_TCG_PRICE,,,,,NO_TCG_PRICE,Pokemon Rhyhorn 61/64 Jungle LP/MP,"Rhyhorn 61/64 from Jungle.
Variant: Unlimited.
Condition estimate: LP/MP. See front and back photos for exact condition.
Raw card, not graded.",,
B02-C030,cards/binder_2/card_30_front.jpg,cards/binder_2/card_30_back.jpg,34/62,Golbat,Fossil,Uncommon,LP/MP,MP,unlimited_confirmed,NO,NOT_APPLICABLE,YES,NO,HIGH,Manually checked; no 1st Edition stamp found. Treat as Unlimited.,,,bulk,NO,vision_full_card_api_validated,0.1882,B01-C057,output/first_edition_review_crops_clean/B02-C030__Fossil__34_62__Golbat.jpg,Unlimited,Pokemon Golbat 34/62 Fossil Unlimited MP,,NO_TCG_PRICE,,,,,NO_TCG_PRICE,Pokemon Golbat 34/62 Fossil LP/MP,"Golbat 34/62 from Fossil.
Variant: Unlimited.
Condition estimate: LP/MP. See front and back photos for exact condition.
Raw card, not graded.",,
B02-C031,cards/binder_2/card_31_front.jpg,cards/binder_2/card_31_back.jpg,45/102,Caterpie,Base,Common,LP/MP,MP,base_unlimited_confirmed,NO,NO,YES,NO,HIGH,Base Unlimited confirmed; no Shadowless marker found.,,,bulk,NO,vision_full_card_api_validated,0.2952,B01-C032,output/first_edition_review_crops_clean/B02-C031__Base__45_102__Caterpie.jpg,Unlimited,Pokemon Caterpie 45/102 Base Unlimited MP,1.05,TCGPLAYER_MARKET,,,,0.73,TCG_API_REFERENCE_ESTIMATE_70_PERCENT_FOR_LP_MP,Pokemon Caterpie 45/102 Base LP/MP,"Caterpie 45/102 from Base.
Variant: Unlimited.
Condition estimate: LP/MP. See front and back photos for exact condition.
Raw card, not graded.",,
B02-C032,cards/binder_2/card_32_front.jpg,cards/binder_2/card_32_back.jpg,50/64,Cubone,Jungle,Common,LP/MP,MP,unlimited_confirmed,NO,NOT_APPLICABLE,YES,NO,HIGH,Manually checked; no 1st Edition stamp found. Treat as Unlimited.,,,bulk,NO,vision_full_card_api_validated,0.1385,B01-C032,output/first_edition_review_crops_clean/B02-C032__Jungle__50_64__Cubone.jpg,Unlimited,Pokemon Cubone 50/64 Jungle Unlimited MP,,NO_TCG_PRICE,,,,,NO_TCG_PRICE,Pokemon Cubone 50/64 Jungle LP/MP,"Cubone 50/64 from Jungle.
Variant: Unlimited.
Condition estimate: LP/MP. See front and back photos for exact condition.
Raw card, not graded.",,
B02-C033,cards/binder_2/card_33_front.jpg,cards/binder_2/card_33_back.jpg,66/82,Rattata,Team Rocket,Common,LP/MP,MP,unlimited_confirmed,NO,NOT_APPLICABLE,YES,NO,HIGH,Manually checked; no 1st Edition stamp found. Treat as Unlimited.,,,bulk,NO,vision_full_card_api_validated,-0.1809,B01-C057,output/first_edition_review_crops_clean/B02-C033__Team Rocket__66_82__Rattata.jpg,Unlimited,Pokemon Rattata 66/82 Team Rocket Unlimited MP,,NO_TCG_PRICE,,,,,NO_TCG_PRICE,Pokemon Rattata 66/82 Team Rocket LP/MP,"Rattata 66/82 from Team Rocket.
Variant: Unlimited.
Condition estimate: LP/MP. See front and back photos for exact condition.
Raw card, not graded.",,
B02-C034,cards/binder_2/card_34_front.jpg,cards/binder_2/card_34_back.jpg,58/82,Koffing,Team Rocket,Common,LP/MP,MP,unlimited_confirmed,NO,NOT_APPLICABLE,YES,NO,HIGH,Manually checked; no 1st Edition stamp found. Treat as Unlimited.,,,bulk,NO,vision_full_card_api_validated,0.3150,B01-C032,output/first_edition_review_crops_clean/B02-C034__Team Rocket__58_82__Koffing.jpg,Unlimited,Pokemon Koffing 58/82 Team Rocket Unlimited MP,,NO_TCG_PRICE,,,,,NO_TCG_PRICE,Pokemon Koffing 58/82 Team Rocket LP/MP,"Koffing 58/82 from Team Rocket.
Variant: Unlimited.
Condition estimate: LP/MP. See front and back photos for exact condition.
Raw card, not graded.",,
B02-C035,cards/binder_2/card_35_front.jpg,cards/binder_2/card_35_back.jpg,62/64,Spearow,Jungle,Common,LP/MP,MP,unlimited_confirmed,NO,NOT_APPLICABLE,YES,NO,HIGH,Manually checked; no 1st Edition stamp found. Treat as Unlimited.,,,bulk,NO,vision_full_card_api_validated,-0.1959,B01-C110,output/first_edition_review_crops_clean/B02-C035__Jungle__62_64__Spearow.jpg,Unlimited,Pokemon Spearow 62/64 Jungle Unlimited MP,,NO_TCG_PRICE,,,,,NO_TCG_PRICE,Pokemon Spearow 62/64 Jungle LP/MP,"Spearow 62/64 from Jungle.
Variant: Unlimited.
Condition estimate: LP/MP. See front and back photos for exact condition.
Raw card, not graded.",,
B02-C036,cards/binder_2/card_36_front.jpg,cards/binder_2/card_36_back.jpg,69/82,Voltorb,Team Rocket,Common,LP/MP,MP,unlimited_confirmed,NO,NOT_APPLICABLE,YES,NO,HIGH,Manually checked; no 1st Edition stamp found. Treat as Unlimited.,,,bulk,NO,vision_full_card_api_validated,-0.2732,B01-C032,output/first_edition_review_crops_clean/B02-C036__Team Rocket__69_82__Voltorb.jpg,Unlimited,Pokemon Voltorb 69/82 Team Rocket Unlimited MP,,NO_TCG_PRICE,,,,,NO_TCG_PRICE,Pokemon Voltorb 69/82 Team Rocket LP/MP,"Voltorb 69/82 from Team Rocket.
Variant: Unlimited.
Condition estimate: LP/MP. See front and back photos for exact condition.
Raw card, not graded.",,
B02-C037,cards/binder_2/card_37_front.jpg,cards/binder_2/card_37_back.jpg,53/82,Dratini,Team Rocket,Common,LP/MP,MP,unlimited_confirmed,NO,NOT_APPLICABLE,YES,NO,HIGH,Manually checked; no 1st Edition stamp found. Treat as Unlimited.,,,bulk,NO,vision_full_card_api_validated,0.0643,B01-C110,output/first_edition_review_crops_clean/B02-C037__Team Rocket__53_82__Dratini.jpg,Unlimited,Pokemon Dratini 53/82 Team Rocket Unlimited MP,,NO_TCG_PRICE,,,,,NO_TCG_PRICE,Pokemon Dratini 53/82 Team Rocket LP/MP,"Dratini 53/82 from Team Rocket.
Variant: Unlimited.
Condition estimate: LP/MP. See front and back photos for exact condition.
Raw card, not graded.",,
B02-C038,cards/binder_2/card_38_front.jpg,cards/binder_2/card_38_back.jpg,62/102,Sandshrew,Base,Common,LP/MP,MP,base_unlimited_confirmed,NO,NO,YES,NO,HIGH,Base Unlimited confirmed; no Shadowless marker found.,,,bulk,NO,vision_full_card_api_validated,0.2952,B01-C032,output/first_edition_review_crops_clean/B02-C038__Base__62_102__Sandshrew.jpg,Unlimited,Pokemon Sandshrew 62/102 Base Unlimited MP,0.88,TCGPLAYER_MARKET,,,,0.62,TCG_API_REFERENCE_ESTIMATE_70_PERCENT_FOR_LP_MP,Pokemon Sandshrew 62/102 Base LP/MP,"Sandshrew 62/102 from Base.
Variant: Unlimited.
Condition estimate: LP/MP. See front and back photos for exact condition.
Raw card, not graded.",,
B02-C039,cards/binder_2/card_39_front.jpg,cards/binder_2/card_39_back.jpg,47/82,Magikarp,Team Rocket,Uncommon,LP/MP,MP,unlimited_confirmed,NO,NOT_APPLICABLE,YES,NO,HIGH,Manually checked; no 1st Edition stamp found. Treat as Unlimited.,,,bulk,NO,vision_full_card_api_validated,0.2160,B01-C057,output/first_edition_review_crops_clean/B02-C039__Team Rocket__47_82__Magikarp.jpg,Unlimited,Pokemon Magikarp 47/82 Team Rocket Unlimited MP,,NO_TCG_PRICE,,,,,NO_TCG_PRICE,Pokemon Magikarp 47/82 Team Rocket LP/MP,"Magikarp 47/82 from Team Rocket.
Variant: Unlimited.
Condition estimate: LP/MP. See front and back photos for exact condition.
Raw card, not graded.",,
B02-C040,cards/binder_2/card_40_front.jpg,cards/binder_2/card_40_back.jpg,58/64,Oddish,Jungle,Common,LP/MP,MP,first_edition_confirmed,YES,NOT_APPLICABLE,NO,NO,HIGH,Confirmed from top-100 first-edition review PDF; first 16 rows only.,,,single_or_1st_ed_group,NO,vision_full_card_api_validated,0.8323,B01-C032,output/first_edition_review_crops_clean/B02-C040__Jungle__58_64__Oddish.jpg,1st Edition,Pokemon Oddish 58/64 Jungle 1st Edition MP,,,0.73,1.27,1.75,1.49,APIFY_SOLD_COMPS_PRIORITY_CARD,Pokemon Oddish 58/64 Jungle 1st Edition LP/MP,"Oddish 58/64 from Jungle.
Variant: 1st Edition.
Condition estimate: LP/MP. See front and back photos for exact condition.
Raw card, not graded.","Pokemon TCG  - Jungle 1st ed. (1999) Pick Your Card, Complete Your Set NM-HP || Pokémon TCG Oddish 58/64 Jungle 1st Edition Regular Common Dutch 50 HP || 1999 - Pokemon TCG - Jungle Set - Pick Your WOTC Card (s) - 1st Ed & Unlimited || 💥 ODDISH # 58/64 Jungle 1st Edition Stamp Non Holo Foil Pokemon 1999 Vintage || Pokemon Cards Jungle Set make your selection 90's Original || Pokemon - Jungle Unlimited - Non-Holo - Singles || Pokemon Card TCG - Jungle - Common & Uncommon - Pick your Card! || Oddish 58/64 Pokemon TCG WOTC Jungle Common Moderate Play MP || Pokemon - Jungle WOTC Singles - Choose Your Card || 1999 Pokemon Jungle 1st Edition Oddish #58/64",0.73 | 0.99 | 0.99 | 0.99 | 1.34 | 1.34 | 1.35 | 1.49 | 1.69 | 1.75
B02-C041,cards/binder_2/card_41_front.jpg,cards/binder_2/card_41_back.jpg,67/102,Voltorb,Base,Common,LP/MP,MP,base_unlimited_confirmed,NO,NO,YES,NO,HIGH,Base Unlimited confirmed; no Shadowless marker found.,,,small_lot_or_single,NO,vision_full_card_api_validated,-0.1675,B01-C032,output/first_edition_review_crops_clean/B02-C041__Base__67_102__Voltorb.jpg,Unlimited,Pokemon Voltorb 67/102 Base Unlimited MP,4.68,TCGPLAYER_MARKET,,,,3.28,TCG_API_REFERENCE_ESTIMATE_70_PERCENT_FOR_LP_MP,Pokemon Voltorb 67/102 Base LP/MP,"Voltorb 67/102 from Base.
Variant: Unlimited.
Condition estimate: LP/MP. See front and back photos for exact condition.
Raw card, not graded.",,
B02-C042,cards/binder_2/card_42_front.jpg,cards/binder_2/card_42_back.jpg,38/102,Poliwhirl,Base,Uncommon,LP/MP,MP,base_unlimited_confirmed,NO,NO,YES,NO,HIGH,Base Unlimited confirmed; no Shadowless marker found.,,,bulk,NO,vision_full_card_api_validated,0.2401,B01-C057,output/first_edition_review_crops_clean/B02-C042__Base__38_102__Poliwhirl.jpg,Unlimited,Pokemon Poliwhirl 38/102 Base Unlimited MP,1.68,TCGPLAYER_MARKET,,,,1.18,TCG_API_REFERENCE_ESTIMATE_70_PERCENT_FOR_LP_MP,Pokemon Poliwhirl 38/102 Base LP/MP,"Poliwhirl 38/102 from Base.
Variant: Unlimited.
Condition estimate: LP/MP. See front and back photos for exact condition.
Raw card, not graded.",,
B02-C043,cards/binder_2/card_43_front.jpg,cards/binder_2/card_43_back.jpg,30/102,Ivysaur,Base,Uncommon,LP/MP,MP,base_unlimited_confirmed,NO,NO,YES,NO,HIGH,Base Unlimited confirmed; no Shadowless marker found.,,,small_lot_or_single,NO,vision_full_card_api_validated,0.1364,B01-C057,output/first_edition_review_crops_clean/B02-C043__Base__30_102__Ivysaur.jpg,Unlimited,Pokemon Ivysaur 30/102 Base Unlimited MP,2.86,TCGPLAYER_MARKET,,,,2.00,TCG_API_REFERENCE_ESTIMATE_70_PERCENT_FOR_LP_MP,Pokemon Ivysaur 30/102 Base LP/MP,"Ivysaur 30/102 from Base.
Variant: Unlimited.
Condition estimate: LP/MP. See front and back photos for exact condition.
Raw card, not graded.",,
B02-C044,cards/binder_2/card_44_front.jpg,cards/binder_2/card_44_back.jpg,24/102,Charmeleon,Base,Uncommon,LP/MP,MP,base_unlimited_confirmed,NO,NO,YES,NO,HIGH,Base Unlimited confirmed; no Shadowless marker found.,,,bulk,NO,vision_full_card_api_validated,0.3025,B01-C032,output/first_edition_review_crops_clean/B02-C044__Base__24_102__Charmeleon.jpg,Unlimited,Pokemon Charmeleon 24/102 Base Unlimited MP,2.21,TCGPLAYER_MARKET,,,,1.55,TCG_API_REFERENCE_ESTIMATE_70_PERCENT_FOR_LP_MP,Pokemon Charmeleon 24/102 Base LP/MP,"Charmeleon 24/102 from Base.
Variant: Unlimited.
Condition estimate: LP/MP. See front and back photos for exact condition.
Raw card, not graded.",,
B02-C045,cards/binder_2/card_45_front.jpg,cards/binder_2/card_45_back.jpg,47/82,Magikarp,Team Rocket,Uncommon,LP/MP,MP,unlimited_confirmed,NO,NOT_APPLICABLE,YES,NO,HIGH,Manually checked; no 1st Edition stamp found. Treat as Unlimited.,,,bulk,NO,vision_full_card_api_validated,0.2984,B01-C032,output/first_edition_review_crops_clean/B02-C045__Team Rocket__47_82__Magikarp.jpg,Unlimited,Pokemon Magikarp 47/82 Team Rocket Unlimited MP,,NO_TCG_PRICE,,,,,NO_TCG_PRICE,Pokemon Magikarp 47/82 Team Rocket LP/MP,"Magikarp 47/82 from Team Rocket.
Variant: Unlimited.
Condition estimate: LP/MP. See front and back photos for exact condition.
Raw card, not graded.",,
B02-C046,cards/binder_2/card_46_front.jpg,cards/binder_2/card_46_back.jpg,51/62,Krabby,Fossil,Common,LP/MP,MP,unlimited_confirmed,NO,NOT_APPLICABLE,YES,NO,HIGH,Manually checked; no 1st Edition stamp found. Treat as Unlimited.,,,bulk,NO,vision_full_card_api_validated,0.1999,B01-C032,output/first_edition_review_crops_clean/B02-C046__Fossil__51_62__Krabby.jpg,Unlimited,Pokemon Krabby 51/62 Fossil Unlimited MP,,NO_TCG_PRICE,,,,,NO_TCG_PRICE,Pokemon Krabby 51/62 Fossil LP/MP,"Krabby 51/62 from Fossil.
Variant: Unlimited.
Condition estimate: LP/MP. See front and back photos for exact condition.
Raw card, not graded.",,
B02-C047,cards/binder_2/card_47_front.jpg,cards/binder_2/card_47_back.jpg,41/62,Sandslash,Fossil,Uncommon,LP/MP,MP,unlimited_confirmed,NO,NOT_APPLICABLE,YES,NO,HIGH,Manually checked; no 1st Edition stamp found. Treat as Unlimited.,,,bulk,NO,vision_full_card_api_validated,0.2104,B01-C032,output/first_edition_review_crops_clean/B02-C047__Fossil__41_62__Sandslash.jpg,Unlimited,Pokemon Sandslash 41/62 Fossil Unlimited MP,,NO_TCG_PRICE,,,,,NO_TCG_PRICE,Pokemon Sandslash 41/62 Fossil LP/MP,"Sandslash 41/62 from Fossil.
Variant: Unlimited.
Condition estimate: LP/MP. See front and back photos for exact condition.
Raw card, not graded.",,
B02-C048,cards/binder_2/card_48_front.jpg,cards/binder_2/card_48_back.jpg,43/64,Primeape,Jungle,Uncommon,LP/MP,MP,unlimited_confirmed,NO,NOT_APPLICABLE,YES,NO,HIGH,Manually checked; no 1st Edition stamp found. Treat as Unlimited.,,,bulk,NO,vision_full_card_api_validated,0.1335,B01-C110,output/first_edition_review_crops_clean/B02-C048__Jungle__43_64__Primeape.jpg,Unlimited,Pokemon Primeape 43/64 Jungle Unlimited MP,,NO_TCG_PRICE,,,,,NO_TCG_PRICE,Pokemon Primeape 43/64 Jungle LP/MP,"Primeape 43/64 from Jungle.
Variant: Unlimited.
Condition estimate: LP/MP. See front and back photos for exact condition.
Raw card, not graded.",,
B02-C049,cards/binder_2/card_49_front.jpg,cards/binder_2/card_49_back.jpg,31/64,Vileplume,Jungle,Rare,LP/MP,MP,unlimited_confirmed,NO,NOT_APPLICABLE,YES,NO,HIGH,Manually checked; no 1st Edition stamp found. Treat as Unlimited.,,,bulk_or_lot,NO,vision_full_card_api_validated,0.4205,B01-C057,output/first_edition_review_crops_clean/B02-C049__Jungle__31_64__Vileplume.jpg,Unlimited,Pokemon Vileplume 31/64 Jungle Unlimited MP,,,0.73,1.46,2.25,1.46,APIFY_SOLD_COMPS_PRIORITY_CARD,Pokemon Vileplume 31/64 Jungle LP/MP,"Vileplume 31/64 from Jungle.
Variant: Unlimited.
Condition estimate: LP/MP. See front and back photos for exact condition.
Raw card, not graded.","Pokemon TCG  - Jungle 1st ed. (1999) Pick Your Card, Complete Your Set NM-HP || Rare Vileplume Jungle Set Pokemon Card 31/64 TCG 1999 WOTC || Pokémon TCG Vileplume 15/64 Holo Rare Unlimited Card Jungle 1999 || Jungle Set Pokémon TCG -Pick Your Card- ##/64 Regular Unlimited Common/Uncommon || VILEPLUME 1999 POKEMON BASE JUNGLE RARE 31/64 Q2283 || Pokémon TCG Vileplume Jungle 31/64 Regular Unlimited Rare || Pokémon TCG Vileplume Jungle Card 31/64 Unlimited Rare Non-Holo - MP || Vileplume 31/64 Jungle Regular || Vileplume 31/64 Jungle Regular Rare || Pokémon TCG - Vileplume 31/64 - Jungle - RARE 1999",0.73 | 0.99 | 0.99 | 1.08 | 1.25 | 1.50 | 1.77 | 1.99 | 2.00 | 2.25
B02-C050,cards/binder_2/card_50_front.jpg,cards/binder_2/card_50_back.jpg,38/102,Poliwhirl,Base,Uncommon,LP/MP,MP,base_unlimited_confirmed,NO,NO,YES,NO,HIGH,Base Unlimited confirmed; no Shadowless marker found.,,,bulk,NO,vision_full_card_api_validated,0.1328,B01-C032,output/first_edition_review_crops_clean/B02-C050__Base__38_102__Poliwhirl.jpg,Unlimited,Pokemon Poliwhirl 38/102 Base Unlimited MP,1.68,TCGPLAYER_MARKET,,,,1.18,TCG_API_REFERENCE_ESTIMATE_70_PERCENT_FOR_LP_MP,Pokemon Poliwhirl 38/102 Base LP/MP,"Poliwhirl 38/102 from Base.
Variant: Unlimited.
Condition estimate: LP/MP. See front and back photos for exact condition.
Raw card, not graded.",,
B02-C051,cards/binder_2/card_51_front.jpg,cards/binder_2/card_51_back.jpg,45/62,Weezing,Fossil,Uncommon,LP/MP,MP,unlimited_confirmed,NO,NOT_APPLICABLE,YES,NO,HIGH,Manually checked; no 1st Edition stamp found. Treat as Unlimited.,,,bulk,NO,vision_full_card_api_validated,0.2491,B01-C032,output/first_edition_review_crops_clean/B02-C051__Fossil__45_62__Weezing.jpg,Unlimited,Pokemon Weezing 45/62 Fossil Unlimited MP,,NO_TCG_PRICE,,,,,NO_TCG_PRICE,Pokemon Weezing 45/62 Fossil LP/MP,"Weezing 45/62 from Fossil.
Variant: Unlimited.
Condition estimate: LP/MP. See front and back photos for exact condition.
Raw card, not graded.",,
B02-C052,cards/binder_2/card_52_front.jpg,cards/binder_2/card_52_back.jpg,46/102,Charmander,Base,Common,LP/MP,MP,base_unlimited_confirmed,NO,NO,YES,NO,HIGH,Base Unlimited confirmed; no Shadowless marker found.,,,bulk,NO,vision_full_card_api_validated,0.2857,B01-C110,output/first_edition_review_crops_clean/B02-C052__Base__46_102__Charmander.jpg,Unlimited,Pokemon Charmander 46/102 Base Unlimited MP,2.22,TCGPLAYER_MARKET,,,,1.55,TCG_API_REFERENCE_ESTIMATE_70_PERCENT_FOR_LP_MP,Pokemon Charmander 46/102 Base LP/MP,"Charmander 46/102 from Base.
Variant: Unlimited.
Condition estimate: LP/MP. See front and back photos for exact condition.
Raw card, not graded.",,
B02-C053,cards/binder_2/card_53_front.jpg,cards/binder_2/card_53_back.jpg,38/102,Poliwhirl,Base,Uncommon,LP/MP,MP,base_unlimited_confirmed,NO,NO,YES,NO,HIGH,Base Unlimited confirmed; no Shadowless marker found.,,,bulk,NO,vision_full_card_api_validated,0.2046,B01-C057,output/first_edition_review_crops_clean/B02-C053__Base__38_102__Poliwhirl.jpg,Unlimited,Pokemon Poliwhirl 38/102 Base Unlimited MP,1.68,TCGPLAYER_MARKET,,,,1.18,TCG_API_REFERENCE_ESTIMATE_70_PERCENT_FOR_LP_MP,Pokemon Poliwhirl 38/102 Base LP/MP,"Poliwhirl 38/102 from Base.
Variant: Unlimited.
Condition estimate: LP/MP. See front and back photos for exact condition.
Raw card, not graded.",,
B02-C054,cards/binder_2/card_54_front.jpg,cards/binder_2/card_54_back.jpg,48/62,Grimer,Fossil,Common,LP/MP,MP,unlimited_confirmed,NO,NOT_APPLICABLE,YES,NO,HIGH,Manually checked; no 1st Edition stamp found. Treat as Unlimited.,,,bulk,NO,vision_full_card_api_validated,0.3525,B01-C057,output/first_edition_review_crops_clean/B02-C054__Fossil__48_62__Grimer.jpg,Unlimited,Pokemon Grimer 48/62 Fossil Unlimited MP,,NO_TCG_PRICE,,,,,NO_TCG_PRICE,Pokemon Grimer 48/62 Fossil LP/MP,"Grimer 48/62 from Fossil.
Variant: Unlimited.
Condition estimate: LP/MP. See front and back photos for exact condition.
Raw card, not graded.",,
B02-C055,cards/binder_2/card_55_front.jpg,cards/binder_2/card_55_back.jpg,60/82,Magnemite,Team Rocket,Common,LP/MP,MP,unlimited_confirmed,NO,NOT_APPLICABLE,YES,NO,HIGH,Manually checked; no 1st Edition stamp found. Treat as Unlimited.,,,bulk,NO,vision_full_card_api_validated,-0.1147,B01-C032,output/first_edition_review_crops_clean/B02-C055__Team Rocket__60_82__Magnemite.jpg,Unlimited,Pokemon Magnemite 60/82 Team Rocket Unlimited MP,,NO_TCG_PRICE,,,,,NO_TCG_PRICE,Pokemon Magnemite 60/82 Team Rocket LP/MP,"Magnemite 60/82 from Team Rocket.
Variant: Unlimited.
Condition estimate: LP/MP. See front and back photos for exact condition.
Raw card, not graded.",,
B02-C056,cards/binder_2/card_56_front.jpg,cards/binder_2/card_56_back.jpg,65/82,Psyduck,Team Rocket,Common,LP/MP,MP,unlimited_confirmed,NO,NOT_APPLICABLE,YES,NO,HIGH,Manually checked; no 1st Edition stamp found. Treat as Unlimited.,,,bulk,NO,vision_full_card_api_validated,0.2768,B01-C032,output/first_edition_review_crops_clean/B02-C056__Team Rocket__65_82__Psyduck.jpg,Unlimited,Pokemon Psyduck 65/82 Team Rocket Unlimited MP,,NO_TCG_PRICE,,,,,NO_TCG_PRICE,Pokemon Psyduck 65/82 Team Rocket LP/MP,"Psyduck 65/82 from Team Rocket.
Variant: Unlimited.
Condition estimate: LP/MP. See front and back photos for exact condition.
Raw card, not graded.",,
B02-C057,cards/binder_2/card_57_front.jpg,cards/binder_2/card_57_back.jpg,51/62,Krabby,Fossil,Common,LP/MP,MP,unlimited_confirmed,NO,NOT_APPLICABLE,YES,NO,HIGH,Manually checked; no 1st Edition stamp found. Treat as Unlimited.,,,bulk,NO,vision_full_card_api_validated,0.2060,B01-C057,output/first_edition_review_crops_clean/B02-C057__Fossil__51_62__Krabby.jpg,Unlimited,Pokemon Krabby 51/62 Fossil Unlimited MP,,NO_TCG_PRICE,,,,,NO_TCG_PRICE,Pokemon Krabby 51/62 Fossil LP/MP,"Krabby 51/62 from Fossil.
Variant: Unlimited.
Condition estimate: LP/MP. See front and back photos for exact condition.
Raw card, not graded.",,
B02-C058,cards/binder_2/card_58_front.jpg,cards/binder_2/card_58_back.jpg,58/64,Oddish,Jungle,Common,LP/MP,MP,unlimited_confirmed,NO,NOT_APPLICABLE,YES,NO,HIGH,Manually checked; no 1st Edition stamp found. Treat as Unlimited.,,,bulk,NO,vision_full_card_api_validated,0.3693,B01-C032,output/first_edition_review_crops_clean/B02-C058__Jungle__58_64__Oddish.jpg,Unlimited,Pokemon Oddish 58/64 Jungle Unlimited MP,,NO_TCG_PRICE,,,,,NO_TCG_PRICE,Pokemon Oddish 58/64 Jungle LP/MP,"Oddish 58/64 from Jungle.
Variant: Unlimited.
Condition estimate: LP/MP. See front and back photos for exact condition.
Raw card, not graded.",,
B02-C059,cards/binder_2/card_59_front.jpg,cards/binder_2/card_59_back.jpg,46/62,Ekans,Fossil,Common,LP/MP,MP,first_edition_confirmed,YES,NOT_APPLICABLE,NO,NO,HIGH,Confirmed from top-100 first-edition review PDF; first 16 rows only.,,,single_or_1st_ed_group,NO,fixed_from_saved_vision_or_visual_confirmation,0.8091,B01-C110,output/first_edition_review_crops_clean/B02-C059__Fossil__46_62__Ekans.jpg,1st Edition,Pokemon Ekans 46/62 Fossil 1st Edition MP,,,0.73,1.51,2.20,1.51,APIFY_SOLD_COMPS_PRIORITY_CARD,Pokemon Ekans 46/62 Fossil 1st Edition LP/MP,"Ekans 46/62 from Fossil.
Variant: 1st Edition.
Condition estimate: LP/MP. See front and back photos for exact condition.
Raw card, not graded.",Pokemon TCG - Vintage WOTC - Fossil 1st Edition - Pick Your Card Singles: NM-MP || 1999 - Pokemon TCG - Fossil Set - Pick Your WOTC Card (s) - 1st Ed & Unlimited || Ekans 46/62 Fossil 1st Edition Pokemon Card || Pokémon TCG 1999 1st Edition Fossil - You Pick - Excellent/Near Mint or Better || 1999 POKEMON FOSSIL 1ST EDITION EKANS #46/62 || 1st Edition Ekans 46/62 Fossil Set WOTC Vintage Pokemon Card Common NM || Pokemon TCG Ekans 46/62 Common Fossil 1st Edition MP || Ekans 46/62 Common Fossil Pokemon 1st Edition Lightly Played || Ekans Common 1st Edition Fossil 46/62 HP Pokémon TCG || Ekans 46/62 Common Fossil Pokemon Near Mint,0.73 | 0.99 | 1.00 | 1.00 | 1.25 | 1.74 | 1.98 | 1.99 | 2.19 | 2.20
B02-C060,cards/binder_2/card_60_front.jpg,cards/binder_2/card_60_back.jpg,30/102,Ivysaur,Base,Uncommon,LP/MP,MP,base_unlimited_confirmed,NO,NO,YES,NO,HIGH,Base Unlimited confirmed; no Shadowless marker found.,,,small_lot_or_single,NO,vision_full_card_api_validated,0.1793,B01-C032,output/first_edition_review_crops_clean/B02-C060__Base__30_102__Ivysaur.jpg,Unlimited,Pokemon Ivysaur 30/102 Base Unlimited MP,2.86,TCGPLAYER_MARKET,,,,2.00,TCG_API_REFERENCE_ESTIMATE_70_PERCENT_FOR_LP_MP,Pokemon Ivysaur 30/102 Base LP/MP,"Ivysaur 30/102 from Base.
Variant: Unlimited.
Condition estimate: LP/MP. See front and back photos for exact condition.
Raw card, not graded.",,
B02-C061,cards/binder_2/card_61_front.jpg,cards/binder_2/card_61_back.jpg,63/64,Venonat,Jungle,Common,LP/MP,MP,unlimited_confirmed,NO,NOT_APPLICABLE,YES,NO,HIGH,Manually checked; no 1st Edition stamp found. Treat as Unlimited.,,,bulk,NO,vision_full_card_api_validated,0.2744,B01-C110,output/first_edition_review_crops_clean/B02-C061__Jungle__63_64__Venonat.jpg,Unlimited,Pokemon Venonat 63/64 Jungle Unlimited MP,,NO_TCG_PRICE,,,,,NO_TCG_PRICE,Pokemon Venonat 63/64 Jungle LP/MP,"Venonat 63/64 from Jungle.
Variant: Unlimited.
Condition estimate: LP/MP. See front and back photos for exact condition.
Raw card, not graded.",,
B02-C062,cards/binder_2/card_62_front.jpg,cards/binder_2/card_62_back.jpg,52/64,Exeggcute,Jungle,Common,LP/MP,MP,unlimited_confirmed,NO,NOT_APPLICABLE,YES,NO,HIGH,Manually checked; no 1st Edition stamp found. Treat as Unlimited.,,,bulk,NO,vision_full_card_api_validated,0.1978,B01-C057,output/first_edition_review_crops_clean/B02-C062__Jungle__52_64__Exeggcute.jpg,Unlimited,Pokemon Exeggcute 52/64 Jungle Unlimited MP,,NO_TCG_PRICE,,,,,NO_TCG_PRICE,Pokemon Exeggcute 52/64 Jungle LP/MP,"Exeggcute 52/64 from Jungle.
Variant: Unlimited.
Condition estimate: LP/MP. See front and back photos for exact condition.
Raw card, not graded.",,
B02-C063,cards/binder_2/card_63_front.jpg,cards/binder_2/card_63_back.jpg,55/82,Eevee,Team Rocket,Common,LP/MP,MP,unlimited_confirmed,NO,NOT_APPLICABLE,YES,NO,HIGH,Manually checked; no 1st Edition stamp found. Treat as Unlimited.,,,bulk,NO,vision_full_card_api_validated,-0.0962,B01-C032,output/first_edition_review_crops_clean/B02-C063__Team Rocket__55_82__Eevee.jpg,Unlimited,Pokemon Eevee 55/82 Team Rocket Unlimited MP,,NO_TCG_PRICE,,,,,NO_TCG_PRICE,Pokemon Eevee 55/82 Team Rocket LP/MP,"Eevee 55/82 from Team Rocket.
Variant: Unlimited.
Condition estimate: LP/MP. See front and back photos for exact condition.
Raw card, not graded.",,
B02-C064,cards/binder_2/card_64_front.jpg,cards/binder_2/card_64_back.jpg,64/102,Starmie,Base,Common,LP/MP,MP,base_unlimited_confirmed,NO,NO,YES,NO,HIGH,Base Unlimited confirmed; no Shadowless marker found.,,,bulk,NO,vision_full_card_api_validated,0.0596,B01-C057,output/first_edition_review_crops_clean/B02-C064__Base__64_102__Starmie.jpg,Unlimited,Pokemon Starmie 64/102 Base Unlimited MP,0.74,TCGPLAYER_MARKET,,,,0.52,TCG_API_REFERENCE_ESTIMATE_70_PERCENT_FOR_LP_MP,Pokemon Starmie 64/102 Base LP/MP,"Starmie 64/102 from Base.
Variant: Unlimited.
Condition estimate: LP/MP. See front and back photos for exact condition.
Raw card, not graded.",,
B02-C065,cards/binder_2/card_65_front.jpg,cards/binder_2/card_65_back.jpg,52/102,Machop,Base,Common,LP/MP,MP,base_unlimited_confirmed,NO,NO,YES,NO,HIGH,Base Unlimited confirmed; no Shadowless marker found.,,,bulk,NO,vision_full_card_api_validated,0.1340,B01-C057,output/first_edition_review_crops_clean/B02-C065__Base__52_102__Machop.jpg,Unlimited,Pokemon Machop 52/102 Base Unlimited MP,0.54,TCGPLAYER_MARKET,,,,0.38,TCG_API_REFERENCE_ESTIMATE_70_PERCENT_FOR_LP_MP,Pokemon Machop 52/102 Base LP/MP,"Machop 52/102 from Base.
Variant: Unlimited.
Condition estimate: LP/MP. See front and back photos for exact condition.
Raw card, not graded.",,
B02-C066,cards/binder_2/card_66_front.jpg,cards/binder_2/card_66_back.jpg,66/102,Tangela,Base,Common,LP/MP,MP,base_unlimited_confirmed,NO,NO,YES,NO,HIGH,Base Unlimited confirmed; no Shadowless marker found.,,,bulk,NO,vision_full_card_api_validated,0.1822,B01-C057,output/first_edition_review_crops_clean/B02-C066__Base__66_102__Tangela.jpg,Unlimited,Pokemon Tangela 66/102 Base Unlimited MP,1.17,TCGPLAYER_MARKET,,,,0.82,TCG_API_REFERENCE_ESTIMATE_70_PERCENT_FOR_LP_MP,Pokemon Tangela 66/102 Base LP/MP,"Tangela 66/102 from Base.
Variant: Unlimited.
Condition estimate: LP/MP. See front and back photos for exact condition.
Raw card, not graded.",,
B02-C067,cards/binder_2/card_67_front.jpg,cards/binder_2/card_67_back.jpg,52/102,Machop,Base,Common,LP/MP,MP,base_unlimited_confirmed,NO,NO,YES,NO,HIGH,Base Unlimited confirmed; no Shadowless marker found.,,,bulk,NO,vision_full_card_api_validated,0.2011,B01-C057,output/first_edition_review_crops_clean/B02-C067__Base__52_102__Machop.jpg,Unlimited,Pokemon Machop 52/102 Base Unlimited MP,0.54,TCGPLAYER_MARKET,,,,0.38,TCG_API_REFERENCE_ESTIMATE_70_PERCENT_FOR_LP_MP,Pokemon Machop 52/102 Base LP/MP,"Machop 52/102 from Base.
Variant: Unlimited.
Condition estimate: LP/MP. See front and back photos for exact condition.
Raw card, not graded.",,
B02-C068,cards/binder_2/card_68_front.jpg,cards/binder_2/card_68_back.jpg,32/64,Wigglytuff,Jungle,Rare,LP/MP,MP,unlimited_confirmed,NO,NOT_APPLICABLE,YES,NO,HIGH,Manually checked; no 1st Edition stamp found. Treat as Unlimited.,,,bulk_or_lot,NO,vision_full_card_api_validated,0.0380,B01-C110,output/first_edition_review_crops_clean/B02-C068__Jungle__32_64__Wigglytuff.jpg,Unlimited,Pokemon Wigglytuff 32/64 Jungle Unlimited MP,,,0.73,1.91,2.99,1.91,APIFY_SOLD_COMPS_PRIORITY_CARD,Pokemon Wigglytuff 32/64 Jungle LP/MP,"Wigglytuff 32/64 from Jungle.
Variant: Unlimited.
Condition estimate: LP/MP. See front and back photos for exact condition.
Raw card, not graded.","Complete Your Set - Jungle Unlimited Pokemon Cards WOTC 1999 - Pick || Pokemon TCG  - Jungle 1st ed. (1999) Pick Your Card, Complete Your Set NM-HP || Vintage Pokémon Cards WOTC - Base / Jungle / Fossil – Choose Your Card – LP/MP || CHOOSE YOUR OWN! Pokemon Base Set Jungle Single Cards (LP) || Pokémon Wigglytuff 32/64 Jungle MP || Pokémon TCG Wigglytuff Jungle 32/64 Unlimited Non-Holo Rare Vintage LP/MP || Wigglytuff Jungle 32/64 Non Holo Rare Unlimited WotC Pokemon Card MP || Wigglytuff 32/64 Rare Jungle Pokemon Unlimited MP || Pokemon TCG 1999 Jungle Unlimited Non Holo Rare Wigglytuff (32/64) - LP/MP || Wigglytuff (32) Unlimited Rare Pokemon Jungle 32/64 MP",0.73 | 0.73 | 0.99 | 0.99 | 2.00 | 2.25 | 2.50 | 2.93 | 2.95 | 2.99
B02-C069,cards/binder_2/card_69_front.jpg,cards/binder_2/card_69_back.jpg,61/82,Mankey,Team Rocket,Common,LP/MP,MP,unlimited_confirmed,NO,NOT_APPLICABLE,YES,NO,HIGH,Manually checked; no 1st Edition stamp found. Treat as Unlimited.,,,bulk,NO,vision_full_card_api_validated,0.2024,B01-C057,output/first_edition_review_crops_clean/B02-C069__Team Rocket__61_82__Mankey.jpg,Unlimited,Pokemon Mankey 61/82 Team Rocket Unlimited MP,,NO_TCG_PRICE,,,,,NO_TCG_PRICE,Pokemon Mankey 61/82 Team Rocket LP/MP,"Mankey 61/82 from Team Rocket.
Variant: Unlimited.
Condition estimate: LP/MP. See front and back photos for exact condition.
Raw card, not graded.",,
B02-C070,cards/binder_2/card_70_front.jpg,cards/binder_2/card_70_back.jpg,51/102,Koffing,Base,Common,LP/MP,MP,base_unlimited_confirmed,NO,NO,YES,NO,HIGH,Base Unlimited confirmed; no Shadowless marker found.,,,bulk,NO,vision_full_card_api_validated,0.3317,B01-C057,output/first_edition_review_crops_clean/B02-C070__Base__51_102__Koffing.jpg,Unlimited,Pokemon Koffing 51/102 Base Unlimited MP,0.78,TCGPLAYER_MARKET,,,,0.55,TCG_API_REFERENCE_ESTIMATE_70_PERCENT_FOR_LP_MP,Pokemon Koffing 51/102 Base LP/MP,"Koffing 51/102 from Base.
Variant: Unlimited.
Condition estimate: LP/MP. See front and back photos for exact condition.
Raw card, not graded.",,
B02-C071,cards/binder_2/card_71_front.jpg,cards/binder_2/card_71_back.jpg,42/102,Wartortle,Base,Uncommon,LP/MP,MP,base_unlimited_confirmed,NO,NO,YES,NO,HIGH,Base Unlimited confirmed; no Shadowless marker found.,,,small_lot_or_single,NO,vision_full_card_api_validated,0.3586,B01-C032,output/first_edition_review_crops_clean/B02-C071__Base__42_102__Wartortle.jpg,Unlimited,Pokemon Wartortle 42/102 Base Unlimited MP,3.94,TCGPLAYER_MARKET,,,,2.76,TCG_API_REFERENCE_ESTIMATE_70_PERCENT_FOR_LP_MP,Pokemon Wartortle 42/102 Base LP/MP,"Wartortle 42/102 from Base.
Variant: Unlimited.
Condition estimate: LP/MP. See front and back photos for exact condition.
Raw card, not graded.",,
B02-C072,cards/binder_2/card_72_front.jpg,cards/binder_2/card_72_back.jpg,48/102,Doduo,Base,Common,LP/MP,MP,base_unlimited_confirmed,NO,NO,YES,NO,HIGH,Base Unlimited confirmed; no Shadowless marker found.,,,bulk,NO,vision_full_card_api_validated,0.0808,B01-C110,output/first_edition_review_crops_clean/B02-C072__Base__48_102__Doduo.jpg,Unlimited,Pokemon Doduo 48/102 Base Unlimited MP,1.40,TCGPLAYER_MARKET,,,,0.98,TCG_API_REFERENCE_ESTIMATE_70_PERCENT_FOR_LP_MP,Pokemon Doduo 48/102 Base LP/MP,"Doduo 48/102 from Base.
Variant: Unlimited.
Condition estimate: LP/MP. See front and back photos for exact condition.
Raw card, not graded.",,
B02-C073,cards/binder_2/card_73_front.jpg,cards/binder_2/card_73_back.jpg,58/64,Oddish,Jungle,Common,LP/MP,MP,unlimited_confirmed,NO,NOT_APPLICABLE,YES,NO,HIGH,Manually checked; no 1st Edition stamp found. Treat as Unlimited.,,,bulk,NO,vision_full_card_api_validated,0.1099,B01-C057,output/first_edition_review_crops_clean/B02-C073__Jungle__58_64__Oddish.jpg,Unlimited,Pokemon Oddish 58/64 Jungle Unlimited MP,,NO_TCG_PRICE,,,,,NO_TCG_PRICE,Pokemon Oddish 58/64 Jungle LP/MP,"Oddish 58/64 from Jungle.
Variant: Unlimited.
Condition estimate: LP/MP. See front and back photos for exact condition.
Raw card, not graded.",,
B02-C074,cards/binder_2/card_74_front.jpg,cards/binder_2/card_74_back.jpg,48/102,Doduo,Base,Common,LP/MP,MP,base_unlimited_confirmed,NO,NO,YES,NO,HIGH,Base Unlimited confirmed; no Shadowless marker found.,,,bulk,NO,vision_full_card_api_validated,-0.1382,B01-C110,output/first_edition_review_crops_clean/B02-C074__Base__48_102__Doduo.jpg,Unlimited,Pokemon Doduo 48/102 Base Unlimited MP,1.40,TCGPLAYER_MARKET,,,,0.98,TCG_API_REFERENCE_ESTIMATE_70_PERCENT_FOR_LP_MP,Pokemon Doduo 48/102 Base LP/MP,"Doduo 48/102 from Base.
Variant: Unlimited.
Condition estimate: LP/MP. See front and back photos for exact condition.
Raw card, not graded.",,
B02-C075,cards/binder_2/card_75_front.jpg,cards/binder_2/card_75_back.jpg,54/62,Shellder,Fossil,Common,LP/MP,MP,unlimited_confirmed,NO,NOT_APPLICABLE,YES,NO,HIGH,Manually checked; no 1st Edition stamp found. Treat as Unlimited.,,,bulk,NO,vision_full_card_api_validated,0.1459,B01-C032,output/first_edition_review_crops_clean/B02-C075__Fossil__54_62__Shellder.jpg,Unlimited,Pokemon Shellder 54/62 Fossil Unlimited MP,,NO_TCG_PRICE,,,,,NO_TCG_PRICE,Pokemon Shellder 54/62 Fossil LP/MP,"Shellder 54/62 from Fossil.
Variant: Unlimited.
Condition estimate: LP/MP. See front and back photos for exact condition.
Raw card, not graded.",,
B02-C076,cards/binder_2/card_76_front.jpg,cards/binder_2/card_76_back.jpg,53/75,Caterpie,Neo Discovery,Common,LP/MP,MP,first_edition_confirmed,YES,NOT_APPLICABLE,NO,NO,HIGH,Confirmed from top-100 first-edition review PDF; first 16 rows only.,,,single_or_1st_ed_group,NO,vision_full_card_api_validated,0.5503,B01-C032,output/first_edition_review_crops_clean/B02-C076__Neo Discovery__53_75__Caterpie.jpg,1st Edition,Pokemon Caterpie 53/75 Neo Discovery 1st Edition MP,,,1.19,1.43,1.50,1.49,APIFY_SOLD_COMPS_PRIORITY_CARD,Pokemon Caterpie 53/75 Neo Discovery 1st Edition LP/MP,"Caterpie 53/75 from Neo Discovery.
Variant: 1st Edition.
Condition estimate: LP/MP. See front and back photos for exact condition.
Raw card, not graded.",Caterpie 53/75 Pokemon Common Neo Discovery Card LP || Pokemon - YUKA MORII Choose Your Card TCG Card [YM-English] || Caterpie 53/75 Common Neo Discovery Pokemon MP || Caterpie Common Neo Discovery 53/75 MP || Pokemon Card Neo Discovery Caterpie 53/75 Common || Yuka Morii Pokemon Cards! Rare Reverse Holo/Non Holo - Choose Your Card! || Caterpie 53/75 Pokemon Neo Discovery Unlimited Yuka Morii || Caterpie 53/75 Neo Discovery Regular Unlimited Common Card Pokemon TCG || Caterpie 53/75 Neo Discovery Regular - Lightly Played Pokémon Card || Caterpie 53/75 | Neo Discovery | Common | Pokemon D6,1.19 | 1.23 | 1.44 | 1.49 | 1.49 | 1.49 | 1.49 | 1.49 | 1.50 | 1.50
B02-C077,cards/binder_2/card_77_front.jpg,cards/binder_2/card_77_back.jpg,51/62,Krabby,Fossil,Common,LP/MP,MP,unlimited_confirmed,NO,NOT_APPLICABLE,YES,NO,HIGH,Manually checked; no 1st Edition stamp found. Treat as Unlimited.,,,bulk,NO,vision_full_card_api_validated,0.2451,B01-C032,output/first_edition_review_crops_clean/B02-C077__Fossil__51_62__Krabby.jpg,Unlimited,Pokemon Krabby 51/62 Fossil Unlimited MP,,NO_TCG_PRICE,,,,,NO_TCG_PRICE,Pokemon Krabby 51/62 Fossil LP/MP,"Krabby 51/62 from Fossil.
Variant: Unlimited.
Condition estimate: LP/MP. See front and back photos for exact condition.
Raw card, not graded.",,
B02-C078,cards/binder_2/card_78_front.jpg,cards/binder_2/card_78_back.jpg,56/62,Tentacool,Fossil,Common,LP/MP,MP,unlimited_confirmed,NO,NOT_APPLICABLE,YES,NO,HIGH,Manually checked; no 1st Edition stamp found. Treat as Unlimited.,,,bulk,NO,vision_full_card_api_validated,0.2599,B01-C032,output/first_edition_review_crops_clean/B02-C078__Fossil__56_62__Tentacool.jpg,Unlimited,Pokemon Tentacool 56/62 Fossil Unlimited MP,,NO_TCG_PRICE,,,,,NO_TCG_PRICE,Pokemon Tentacool 56/62 Fossil LP/MP,"Tentacool 56/62 from Fossil.
Variant: Unlimited.
Condition estimate: LP/MP. See front and back photos for exact condition.
Raw card, not graded.",,
B02-C079,cards/binder_2/card_79_front.jpg,cards/binder_2/card_79_back.jpg,34/82,Dark Electrode,Team Rocket,Uncommon,LP/MP,MP,unlimited_confirmed,NO,NOT_APPLICABLE,YES,NO,HIGH,Manually checked; no 1st Edition stamp found. Treat as Unlimited.,,,bulk,NO,fixed_by_card_number_api,-0.1971,B01-C057,output/first_edition_review_crops_clean/B02-C079__Team Rocket__34_82__Dark Electrode.jpg,Unlimited,Pokemon Dark Electrode 34/82 Team Rocket Unlimited MP,,NO_TCG_PRICE,,,,,NO_TCG_PRICE,Pokemon Dark Electrode 34/82 Team Rocket LP/MP,"Dark Electrode 34/82 from Team Rocket.
Variant: Unlimited.
Condition estimate: LP/MP. See front and back photos for exact condition.
Raw card, not graded.",,
B02-C080,cards/binder_2/card_80_front.jpg,cards/binder_2/card_80_back.jpg,58/111,Girafarig,Neo Genesis,Common,LP/MP,MP,unlimited_or_normal,NO,NOT_APPLICABLE,YES,NO,MEDIUM,No special 1st Edition/Shadowless variant expected.,,,bulk,NO,fixed_from_saved_vision_or_visual_confirmation,,,,Unlimited,Pokemon Girafarig 58/111 Neo Genesis Unlimited MP,,NO_TCG_PRICE,,,,,NO_TCG_PRICE,Pokemon Girafarig 58/111 Neo Genesis LP/MP,"Girafarig 58/111 from Neo Genesis.
Variant: Unlimited.
Condition estimate: LP/MP. See front and back photos for exact condition.
Raw card, not graded.",,
B02-C081,cards/binder_2/card_81_front.jpg,cards/binder_2/card_81_back.jpg,68/82,Squirtle,Team Rocket,Common,LP/MP,MP,unlimited_confirmed,NO,NOT_APPLICABLE,YES,NO,HIGH,Manually checked; no 1st Edition stamp found. Treat as Unlimited.,,,bulk,NO,vision_full_card_api_validated,0.3250,B01-C057,output/first_edition_review_crops_clean/B02-C081__Team Rocket__68_82__Squirtle.jpg,Unlimited,Pokemon Squirtle 68/82 Team Rocket Unlimited MP,,NO_TCG_PRICE,,,,,NO_TCG_PRICE,Pokemon Squirtle 68/82 Team Rocket LP/MP,"Squirtle 68/82 from Team Rocket.
Variant: Unlimited.
Condition estimate: LP/MP. See front and back photos for exact condition.
Raw card, not graded.",,
B02-C082,cards/binder_2/card_82_front.jpg,cards/binder_2/card_82_back.jpg,54/64,Jigglypuff,Jungle,Common,LP/MP,MP,unlimited_confirmed,NO,NOT_APPLICABLE,YES,NO,HIGH,Manually checked; no 1st Edition stamp found. Treat as Unlimited.,,,bulk,NO,vision_full_card_api_validated,0.0117,B01-C110,output/first_edition_review_crops_clean/B02-C082__Jungle__54_64__Jigglypuff.jpg,Unlimited,Pokemon Jigglypuff 54/64 Jungle Unlimited MP,,NO_TCG_PRICE,,,,,NO_TCG_PRICE,Pokemon Jigglypuff 54/64 Jungle LP/MP,"Jigglypuff 54/64 from Jungle.
Variant: Unlimited.
Condition estimate: LP/MP. See front and back photos for exact condition.
Raw card, not graded.",,
B02-C083,cards/binder_2/card_83_front.jpg,cards/binder_2/card_83_back.jpg,50/102,Gastly,Base,Common,LP/MP,MP,base_unlimited_confirmed,NO,NO,YES,NO,HIGH,Base Unlimited confirmed; no Shadowless marker found.,,,bulk,NO,vision_full_card_api_validated,0.2701,B01-C057,output/first_edition_review_crops_clean/B02-C083__Base__50_102__Gastly.jpg,Unlimited,Pokemon Gastly 50/102 Base Unlimited MP,0.94,TCGPLAYER_MARKET,,,,0.66,TCG_API_REFERENCE_ESTIMATE_70_PERCENT_FOR_LP_MP,Pokemon Gastly 50/102 Base LP/MP,"Gastly 50/102 from Base.
Variant: Unlimited.
Condition estimate: LP/MP. See front and back photos for exact condition.
Raw card, not graded.",,
B02-C084,cards/binder_2/card_84_front.jpg,cards/binder_2/card_84_back.jpg,25/62,Lapras,Fossil,Rare,LP/MP,MP,unlimited_confirmed,NO,NOT_APPLICABLE,YES,NO,HIGH,Manually checked; no 1st Edition stamp found. Treat as Unlimited.,,,bulk_or_lot,NO,vision_full_card_api_validated,0.3253,B01-C057,output/first_edition_review_crops_clean/B02-C084__Fossil__25_62__Lapras.jpg,Unlimited,Pokemon Lapras 25/62 Fossil Unlimited MP,,,0.99,2.01,3.00,2.01,APIFY_SOLD_COMPS_PRIORITY_CARD,Pokemon Lapras 25/62 Fossil LP/MP,"Lapras 25/62 from Fossil.
Variant: Unlimited.
Condition estimate: LP/MP. See front and back photos for exact condition.
Raw card, not graded.",POKEMON FOSSIL LAPRAS 25/62 RARE NON HOLO LP || Complete Your Set - Fossil Unlimited Pokemon Cards 1999 WOTC - Pick || Lapras 25/62 Fossil Unlimited NON HOLO LP WOTC 1999 Pokemon || POkemon - Fossil - Single cards - WOTC - 1999 - NM/LP/MP ** CHOOSE YOUR CARDS ** || Pokémon Fossil Set - Choose Your Card! Vintage Wizards of the Coast Holo LP/NM || Pokemon TCG Lapras 25/62 Fossil Regular Non Holo MP/DMG || Pokémon Fossil Unlimited - Choose Your Card 1999 - LP/NM Wizards of The Coast || *1ST EDITION* Pokemon Fossil Set CHOOSE YOUR CARD 1999 Vintage WoTC Cards NM/LP || Lapras 25/62 Unlimited Fossil MP || Pokemon Fossil Set 1st Edition - Choose Your Card! 1999 Vintage WoTC -  NM/LP,0.99 | 1.10 | 1.25 | 1.57 | 1.99 | 2.25 | 2.45 | 2.49 | 2.99 | 3.00
B02-C085,cards/binder_2/card_85_front.jpg,cards/binder_2/card_85_back.jpg,41/82,Dark Muk,Team Rocket,Uncommon,LP/MP,MP,unlimited_confirmed,NO,NOT_APPLICABLE,YES,NO,HIGH,Manually checked; no 1st Edition stamp found. Treat as Unlimited.,,,bulk,NO,vision_full_card_api_validated,0.2224,B01-C032,output/first_edition_review_crops_clean/B02-C085__Team Rocket__41_82__Dark Muk.jpg,Unlimited,Pokemon Dark Muk 41/82 Team Rocket Unlimited MP,,NO_TCG_PRICE,,,,,NO_TCG_PRICE,Pokemon Dark Muk 41/82 Team Rocket LP/MP,"Dark Muk 41/82 from Team Rocket.
Variant: Unlimited.
Condition estimate: LP/MP. See front and back photos for exact condition.
Raw card, not graded.",,
B02-C086,cards/binder_2/card_86_front.jpg,cards/binder_2/card_86_back.jpg,46/62,Ekans,Fossil,Common,LP/MP,MP,unlimited_confirmed,NO,NOT_APPLICABLE,YES,NO,HIGH,Manually checked; no 1st Edition stamp found. Treat as Unlimited.,,,bulk,NO,vision_full_card_api_validated,0.2207,B01-C032,output/first_edition_review_crops_clean/B02-C086__Fossil__46_62__Ekans.jpg,Unlimited,Pokemon Ekans 46/62 Fossil Unlimited MP,,NO_TCG_PRICE,,,,,NO_TCG_PRICE,Pokemon Ekans 46/62 Fossil LP/MP,"Ekans 46/62 from Fossil.
Variant: Unlimited.
Condition estimate: LP/MP. See front and back photos for exact condition.
Raw card, not graded.",,
B02-C087,cards/binder_2/card_87_front.jpg,cards/binder_2/card_87_back.jpg,33/102,Kakuna,Base,Uncommon,LP/MP,MP,base_unlimited_confirmed,NO,NO,YES,NO,HIGH,Base Unlimited confirmed; no Shadowless marker found.,,,bulk,NO,vision_full_card_api_validated,0.3014,B01-C032,output/first_edition_review_crops_clean/B02-C087__Base__33_102__Kakuna.jpg,Unlimited,Pokemon Kakuna 33/102 Base Unlimited MP,1.30,TCGPLAYER_MARKET,,,,0.91,TCG_API_REFERENCE_ESTIMATE_70_PERCENT_FOR_LP_MP,Pokemon Kakuna 33/102 Base LP/MP,"Kakuna 33/102 from Base.
Variant: Unlimited.
Condition estimate: LP/MP. See front and back photos for exact condition.
Raw card, not graded.",,
B02-C088,cards/binder_2/card_88_front.jpg,cards/binder_2/card_88_back.jpg,53/102,Magnemite,Base,Common,LP/MP,MP,base_unlimited_confirmed,NO,NO,YES,NO,HIGH,Base Unlimited confirmed; no Shadowless marker found.,,,bulk,NO,vision_full_card_api_validated,-0.1780,B01-C032,output/first_edition_review_crops_clean/B02-C088__Base__53_102__Magnemite.jpg,Unlimited,Pokemon Magnemite 53/102 Base Unlimited MP,0.68,TCGPLAYER_MARKET,,,,0.48,TCG_API_REFERENCE_ESTIMATE_70_PERCENT_FOR_LP_MP,Pokemon Magnemite 53/102 Base LP/MP,"Magnemite 53/102 from Base.
Variant: Unlimited.
Condition estimate: LP/MP. See front and back photos for exact condition.
Raw card, not graded.",,
B02-C089,cards/binder_2/card_89_front.jpg,cards/binder_2/card_89_back.jpg,65/102,Staryu,Base,Common,LP/MP,MP,base_unlimited_confirmed,NO,NO,YES,NO,HIGH,Base Unlimited confirmed; no Shadowless marker found.,,,bulk,NO,vision_full_card_api_validated,0.2435,B01-C032,output/first_edition_review_crops_clean/B02-C089__Base__65_102__Staryu.jpg,Unlimited,Pokemon Staryu 65/102 Base Unlimited MP,0.61,TCGPLAYER_MARKET,,,,0.43,TCG_API_REFERENCE_ESTIMATE_70_PERCENT_FOR_LP_MP,Pokemon Staryu 65/102 Base LP/MP,"Staryu 65/102 from Base.
Variant: Unlimited.
Condition estimate: LP/MP. See front and back photos for exact condition.
Raw card, not graded.",,
B02-C090,cards/binder_2/card_90_front.jpg,cards/binder_2/card_90_back.jpg,34/102,Machoke,Base,Uncommon,LP/MP,MP,base_unlimited_confirmed,NO,NO,YES,NO,HIGH,Base Unlimited confirmed; no Shadowless marker found.,,,bulk,NO,vision_full_card_api_validated,0.1108,B01-C032,output/first_edition_review_crops_clean/B02-C090__Base__34_102__Machoke.jpg,Unlimited,Pokemon Machoke 34/102 Base Unlimited MP,1.01,TCGPLAYER_MARKET,,,,0.71,TCG_API_REFERENCE_ESTIMATE_70_PERCENT_FOR_LP_MP,Pokemon Machoke 34/102 Base LP/MP,"Machoke 34/102 from Base.
Variant: Unlimited.
Condition estimate: LP/MP. See front and back photos for exact condition.
Raw card, not graded.",,
B02-C091,cards/binder_2/card_91_front.jpg,cards/binder_2/card_91_back.jpg,36/102,Magmar,Base,Uncommon,LP/MP,MP,base_unlimited_confirmed,NO,NO,YES,NO,HIGH,Base Unlimited confirmed; no Shadowless marker found.,,,bulk,NO,vision_full_card_api_validated,0.3564,B01-C032,output/first_edition_review_crops_clean/B02-C091__Base__36_102__Magmar.jpg,Unlimited,Pokemon Magmar 36/102 Base Unlimited MP,2.44,TCGPLAYER_MARKET,,,,1.71,TCG_API_REFERENCE_ESTIMATE_70_PERCENT_FOR_LP_MP,Pokemon Magmar 36/102 Base LP/MP,"Magmar 36/102 from Base.
Variant: Unlimited.
Condition estimate: LP/MP. See front and back photos for exact condition.
Raw card, not graded.",,
B02-C092,cards/binder_2/card_92_front.jpg,cards/binder_2/card_92_back.jpg,38/62,Kingler,Fossil,Uncommon,LP/MP,MP,unlimited_confirmed,NO,NOT_APPLICABLE,YES,NO,HIGH,Manually checked; no 1st Edition stamp found. Treat as Unlimited.,,,bulk,NO,vision_full_card_api_validated,0.3225,B01-C032,output/first_edition_review_crops_clean/B02-C092__Fossil__38_62__Kingler.jpg,Unlimited,Pokemon Kingler 38/62 Fossil Unlimited MP,,NO_TCG_PRICE,,,,,NO_TCG_PRICE,Pokemon Kingler 38/62 Fossil LP/MP,"Kingler 38/62 from Fossil.
Variant: Unlimited.
Condition estimate: LP/MP. See front and back photos for exact condition.
Raw card, not graded.",,
B02-C093,cards/binder_2/card_93_front.jpg,cards/binder_2/card_93_back.jpg,57/62,Zubat,Fossil,Common,LP/MP,MP,unlimited_confirmed,NO,NOT_APPLICABLE,YES,NO,HIGH,Manually checked; no 1st Edition stamp found. Treat as Unlimited.,,,bulk,NO,vision_full_card_api_validated,0.1395,B01-C057,output/first_edition_review_crops_clean/B02-C093__Fossil__57_62__Zubat.jpg,Unlimited,Pokemon Zubat 57/62 Fossil Unlimited MP,,NO_TCG_PRICE,,,,,NO_TCG_PRICE,Pokemon Zubat 57/62 Fossil LP/MP,"Zubat 57/62 from Fossil.
Variant: Unlimited.
Condition estimate: LP/MP. See front and back photos for exact condition.
Raw card, not graded.",,
B02-C094,cards/binder_2/card_94_front.jpg,cards/binder_2/card_94_back.jpg,57/62,Zubat,Fossil,Common,LP/MP,MP,unlimited_confirmed,NO,NOT_APPLICABLE,YES,NO,HIGH,Manually checked; no 1st Edition stamp found. Treat as Unlimited.,,,bulk,NO,vision_full_card_api_validated,0.2193,B01-C032,output/first_edition_review_crops_clean/B02-C094__Fossil__57_62__Zubat.jpg,Unlimited,Pokemon Zubat 57/62 Fossil Unlimited MP,,NO_TCG_PRICE,,,,,NO_TCG_PRICE,Pokemon Zubat 57/62 Fossil LP/MP,"Zubat 57/62 from Fossil.
Variant: Unlimited.
Condition estimate: LP/MP. See front and back photos for exact condition.
Raw card, not graded.",,
B02-C095,cards/binder_2/card_95_front.jpg,cards/binder_2/card_95_back.jpg,62/102,Sandshrew,Base,Common,LP/MP,MP,base_unlimited_confirmed,NO,NO,YES,NO,HIGH,Base Unlimited confirmed; no Shadowless marker found.,,,bulk,NO,vision_full_card_api_validated,0.0686,B01-C057,output/first_edition_review_crops_clean/B02-C095__Base__62_102__Sandshrew.jpg,Unlimited,Pokemon Sandshrew 62/102 Base Unlimited MP,0.88,TCGPLAYER_MARKET,,,,0.62,TCG_API_REFERENCE_ESTIMATE_70_PERCENT_FOR_LP_MP,Pokemon Sandshrew 62/102 Base LP/MP,"Sandshrew 62/102 from Base.
Variant: Unlimited.
Condition estimate: LP/MP. See front and back photos for exact condition.
Raw card, not graded.",,
B02-C096,cards/binder_2/card_96_front.jpg,cards/binder_2/card_96_back.jpg,47/62,Geodude,Fossil,Common,LP/MP,MP,unlimited_confirmed,NO,NOT_APPLICABLE,YES,NO,HIGH,Manually checked; no 1st Edition stamp found. Treat as Unlimited.,,,bulk,NO,vision_full_card_api_validated,0.2812,B01-C057,output/first_edition_review_crops_clean/B02-C096__Fossil__47_62__Geodude.jpg,Unlimited,Pokemon Geodude 47/62 Fossil Unlimited MP,,NO_TCG_PRICE,,,,,NO_TCG_PRICE,Pokemon Geodude 47/62 Fossil LP/MP,"Geodude 47/62 from Fossil.
Variant: Unlimited.
Condition estimate: LP/MP. See front and back photos for exact condition.
Raw card, not graded.",,
B02-C097,cards/binder_2/card_97_front.jpg,cards/binder_2/card_97_back.jpg,49/64,Bellsprout,Jungle,Common,LP/MP,MP,unlimited_confirmed,NO,NOT_APPLICABLE,YES,NO,HIGH,Manually checked; no 1st Edition stamp found. Treat as Unlimited.,,,bulk,NO,vision_full_card_api_validated,0.3485,B01-C110,output/first_edition_review_crops_clean/B02-C097__Jungle__49_64__Bellsprout.jpg,Unlimited,Pokemon Bellsprout 49/64 Jungle Unlimited MP,,NO_TCG_PRICE,,,,,NO_TCG_PRICE,Pokemon Bellsprout 49/64 Jungle LP/MP,"Bellsprout 49/64 from Jungle.
Variant: Unlimited.
Condition estimate: LP/MP. See front and back photos for exact condition.
Raw card, not graded.",,
B02-C098,cards/binder_2/card_98_front.jpg,cards/binder_2/card_98_back.jpg,26/102,Dratini,Base,Uncommon,LP/MP,MP,base_unlimited_confirmed,NO,NO,YES,NO,HIGH,Base Unlimited confirmed; no Shadowless marker found.,,,bulk,NO,vision_full_card_api_validated,-0.3311,B01-C032,output/first_edition_review_crops_clean/B02-C098__Base__26_102__Dratini.jpg,Unlimited,Pokemon Dratini 26/102 Base Unlimited MP,2.40,TCGPLAYER_MARKET,,,,1.68,TCG_API_REFERENCE_ESTIMATE_70_PERCENT_FOR_LP_MP,Pokemon Dratini 26/102 Base LP/MP,"Dratini 26/102 from Base.
Variant: Unlimited.
Condition estimate: LP/MP. See front and back photos for exact condition.
Raw card, not graded.",,
B02-C099,cards/binder_2/card_99_front.jpg,cards/binder_2/card_99_back.jpg,53/64,Goldeen,Jungle,Common,LP/MP,MP,unlimited_confirmed,NO,NOT_APPLICABLE,YES,NO,HIGH,Manually checked; no 1st Edition stamp found. Treat as Unlimited.,,,bulk,NO,vision_full_card_api_validated,0.3322,B01-C057,output/first_edition_review_crops_clean/B02-C099__Jungle__53_64__Goldeen.jpg,Unlimited,Pokemon Goldeen 53/64 Jungle Unlimited MP,,NO_TCG_PRICE,,,,,NO_TCG_PRICE,Pokemon Goldeen 53/64 Jungle LP/MP,"Goldeen 53/64 from Jungle.
Variant: Unlimited.
Condition estimate: LP/MP. See front and back photos for exact condition.
Raw card, not graded.",,
B02-C100,cards/binder_2/card_100_front.jpg,cards/binder_2/card_100_back.jpg,47/62,Geodude,Fossil,Common,LP/MP,MP,unlimited_confirmed,NO,NOT_APPLICABLE,YES,NO,HIGH,Manually checked; no 1st Edition stamp found. Treat as Unlimited.,,,bulk,NO,vision_full_card_api_validated,0.2780,B01-C032,output/first_edition_review_crops_clean/B02-C100__Fossil__47_62__Geodude.jpg,Unlimited,Pokemon Geodude 47/62 Fossil Unlimited MP,,NO_TCG_PRICE,,,,,NO_TCG_PRICE,Pokemon Geodude 47/62 Fossil LP/MP,"Geodude 47/62 from Fossil.
Variant: Unlimited.
Condition estimate: LP/MP. See front and back photos for exact condition.
Raw card, not graded.",,
B02-C101,cards/binder_2/card_101_front.jpg,cards/binder_2/card_101_back.jpg,65/102,Staryu,Base,Common,LP/MP,MP,base_unlimited_confirmed,NO,NO,YES,NO,HIGH,Base Unlimited confirmed; no Shadowless marker found.,,,bulk,NO,vision_full_card_api_validated,0.1845,B01-C032,output/first_edition_review_crops_clean/B02-C101__Base__65_102__Staryu.jpg,Unlimited,Pokemon Staryu 65/102 Base Unlimited MP,0.61,TCGPLAYER_MARKET,,,,0.43,TCG_API_REFERENCE_ESTIMATE_70_PERCENT_FOR_LP_MP,Pokemon Staryu 65/102 Base LP/MP,"Staryu 65/102 from Base.
Variant: Unlimited.
Condition estimate: LP/MP. See front and back photos for exact condition.
Raw card, not graded.",,
B02-C102,cards/binder_2/card_102_front.jpg,cards/binder_2/card_102_back.jpg,51/102,Koffing,Base,Common,LP/MP,MP,base_unlimited_confirmed,NO,NO,YES,NO,HIGH,Base Unlimited confirmed; no Shadowless marker found.,,,bulk,NO,vision_full_card_api_validated,0.3031,B01-C032,output/first_edition_review_crops_clean/B02-C102__Base__51_102__Koffing.jpg,Unlimited,Pokemon Koffing 51/102 Base Unlimited MP,0.78,TCGPLAYER_MARKET,,,,0.55,TCG_API_REFERENCE_ESTIMATE_70_PERCENT_FOR_LP_MP,Pokemon Koffing 51/102 Base LP/MP,"Koffing 51/102 from Base.
Variant: Unlimited.
Condition estimate: LP/MP. See front and back photos for exact condition.
Raw card, not graded.",,
B02-C103,cards/binder_2/card_103_front.jpg,cards/binder_2/card_103_back.jpg,55/130,Parasect,Base Set 2,Uncommon,LP/MP,MP,unlimited_or_normal,NO,NOT_APPLICABLE,YES,NO,MEDIUM,No special 1st Edition/Shadowless variant expected.,,,bulk,NO,vision_full_card_api_validated,,,,Unlimited,Pokemon Parasect 55/130 Base Set 2 Unlimited MP,1.12,TCGPLAYER_MARKET,,,,0.78,TCG_API_REFERENCE_ESTIMATE_70_PERCENT_FOR_LP_MP,Pokemon Parasect 55/130 Base Set 2 LP/MP,"Parasect 55/130 from Base Set 2.
Variant: Unlimited.
Condition estimate: LP/MP. See front and back photos for exact condition.
Raw card, not graded.",,
B02-C104,cards/binder_2/card_104_front.jpg,cards/binder_2/card_104_back.jpg,32/62,Cloyster,Fossil,Uncommon,LP/MP,MP,unlimited_confirmed,NO,NOT_APPLICABLE,YES,NO,HIGH,Manually checked; no 1st Edition stamp found. Treat as Unlimited.,,,bulk,NO,vision_full_card_api_validated,0.2922,B01-C057,output/first_edition_review_crops_clean/B02-C104__Fossil__32_62__Cloyster.jpg,Unlimited,Pokemon Cloyster 32/62 Fossil Unlimited MP,,NO_TCG_PRICE,,,,,NO_TCG_PRICE,Pokemon Cloyster 32/62 Fossil LP/MP,"Cloyster 32/62 from Fossil.
Variant: Unlimited.
Condition estimate: LP/MP. See front and back photos for exact condition.
Raw card, not graded.",,
B02-C105,cards/binder_2/card_105_front.jpg,cards/binder_2/card_105_back.jpg,52/62,Omanyte,Fossil,Common,LP/MP,MP,unlimited_confirmed,NO,NOT_APPLICABLE,YES,NO,HIGH,Manually checked; no 1st Edition stamp found. Treat as Unlimited.,,,bulk,NO,vision_full_card_api_validated,0.2239,B01-C032,output/first_edition_review_crops_clean/B02-C105__Fossil__52_62__Omanyte.jpg,Unlimited,Pokemon Omanyte 52/62 Fossil Unlimited MP,,NO_TCG_PRICE,,,,,NO_TCG_PRICE,Pokemon Omanyte 52/62 Fossil LP/MP,"Omanyte 52/62 from Fossil.
Variant: Unlimited.
Condition estimate: LP/MP. See front and back photos for exact condition.
Raw card, not graded.",,
B02-C106,cards/binder_2/card_106_front.jpg,cards/binder_2/card_106_back.jpg,62/102,Sandshrew,Base,Common,LP/MP,MP,base_unlimited_confirmed,NO,NO,YES,NO,HIGH,Base Unlimited confirmed; no Shadowless marker found.,,,bulk,NO,vision_full_card_api_validated,0.1537,B01-C032,output/first_edition_review_crops_clean/B02-C106__Base__62_102__Sandshrew.jpg,Unlimited,Pokemon Sandshrew 62/102 Base Unlimited MP,0.88,TCGPLAYER_MARKET,,,,0.62,TCG_API_REFERENCE_ESTIMATE_70_PERCENT_FOR_LP_MP,Pokemon Sandshrew 62/102 Base LP/MP,"Sandshrew 62/102 from Base.
Variant: Unlimited.
Condition estimate: LP/MP. See front and back photos for exact condition.
Raw card, not graded.",,
B02-C107,cards/binder_2/card_107_front.jpg,cards/binder_2/card_107_back.jpg,46/62,Ekans,Fossil,Common,LP/MP,MP,unlimited_confirmed,NO,NOT_APPLICABLE,YES,NO,HIGH,Manually checked; no 1st Edition stamp found. Treat as Unlimited.,,,bulk,NO,vision_full_card_api_validated,0.2203,B01-C032,output/first_edition_review_crops_clean/B02-C107__Fossil__46_62__Ekans.jpg,Unlimited,Pokemon Ekans 46/62 Fossil Unlimited MP,,NO_TCG_PRICE,,,,,NO_TCG_PRICE,Pokemon Ekans 46/62 Fossil LP/MP,"Ekans 46/62 from Fossil.
Variant: Unlimited.
Condition estimate: LP/MP. See front and back photos for exact condition.
Raw card, not graded.",,
B02-C108,cards/binder_2/card_108_front.jpg,cards/binder_2/card_108_back.jpg,57/62,Zubat,Fossil,Common,LP/MP,MP,unlimited_confirmed,NO,NOT_APPLICABLE,YES,NO,HIGH,Manually checked; no 1st Edition stamp found. Treat as Unlimited.,,,bulk,NO,fixed_from_saved_vision_or_visual_confirmation,0.2598,B01-C032,output/first_edition_review_crops_clean/B02-C108__Fossil__57_62__Zubat.jpg,Unlimited,Pokemon Zubat 57/62 Fossil Unlimited MP,,NO_TCG_PRICE,,,,,NO_TCG_PRICE,Pokemon Zubat 57/62 Fossil LP/MP,"Zubat 57/62 from Fossil.
Variant: Unlimited.
Condition estimate: LP/MP. See front and back photos for exact condition.
Raw card, not graded.",,
B02-C109,cards/binder_2/card_109_front.jpg,cards/binder_2/card_109_back.jpg,62/64,Spearow,Jungle,Common,LP/MP,MP,unlimited_confirmed,NO,NOT_APPLICABLE,YES,NO,HIGH,Manually checked; no 1st Edition stamp found. Treat as Unlimited.,,,bulk,NO,vision_full_card_api_validated,0.0253,B01-C110,output/first_edition_review_crops_clean/B02-C109__Jungle__62_64__Spearow.jpg,Unlimited,Pokemon Spearow 62/64 Jungle Unlimited MP,,NO_TCG_PRICE,,,,,NO_TCG_PRICE,Pokemon Spearow 62/64 Jungle LP/MP,"Spearow 62/64 from Jungle.
Variant: Unlimited.
Condition estimate: LP/MP. See front and back photos for exact condition.
Raw card, not graded.",,
B02-C110,cards/binder_2/card_110_front.jpg,cards/binder_2/card_110_back.jpg,31/62,Arbok,Fossil,Uncommon,LP/MP,MP,unlimited_confirmed,NO,NOT_APPLICABLE,YES,NO,HIGH,Manually checked; no 1st Edition stamp found. Treat as Unlimited.,,,bulk,NO,vision_full_card_api_validated,0.3820,B01-C057,output/first_edition_review_crops_clean/B02-C110__Fossil__31_62__Arbok.jpg,Unlimited,Pokemon Arbok 31/62 Fossil Unlimited MP,,NO_TCG_PRICE,,,,,NO_TCG_PRICE,Pokemon Arbok 31/62 Fossil LP/MP,"Arbok 31/62 from Fossil.
Variant: Unlimited.
Condition estimate: LP/MP. See front and back photos for exact condition.
Raw card, not graded.",,
B02-C111,cards/binder_2/card_111_front.jpg,cards/binder_2/card_111_back.jpg,49/62,Horsea,Fossil,Common,LP/MP,MP,unlimited_confirmed,NO,NOT_APPLICABLE,YES,NO,HIGH,Manually checked; no 1st Edition stamp found. Treat as Unlimited.,,,bulk,NO,fixed_from_saved_vision_or_visual_confirmation,0.3051,B01-C057,output/first_edition_review_crops_clean/B02-C111__Fossil__49_62__Horsea.jpg,Unlimited,Pokemon Horsea 49/62 Fossil Unlimited MP,,NO_TCG_PRICE,,,,,NO_TCG_PRICE,Pokemon Horsea 49/62 Fossil LP/MP,"Horsea 49/62 from Fossil.
Variant: Unlimited.
Condition estimate: LP/MP. See front and back photos for exact condition.
Raw card, not graded.",,
B02-C112,cards/binder_2/card_112_front.jpg,cards/binder_2/card_112_back.jpg,48/82,Porygon,Team Rocket,Uncommon,LP/MP,MP,unlimited_confirmed,NO,NOT_APPLICABLE,YES,NO,HIGH,Manually checked; no 1st Edition stamp found. Treat as Unlimited.,,,bulk,NO,vision_full_card_api_validated,0.0297,B01-C032,output/first_edition_review_crops_clean/B02-C112__Team Rocket__48_82__Porygon.jpg,Unlimited,Pokemon Porygon 48/82 Team Rocket Unlimited MP,,NO_TCG_PRICE,,,,,NO_TCG_PRICE,Pokemon Porygon 48/82 Team Rocket LP/MP,"Porygon 48/82 from Team Rocket.
Variant: Unlimited.
Condition estimate: LP/MP. See front and back photos for exact condition.
Raw card, not graded.",,
B02-C113,cards/binder_2/card_113_front.jpg,cards/binder_2/card_113_back.jpg,55/64,Mankey,Jungle,Common,LP/MP,MP,unlimited_confirmed,NO,NOT_APPLICABLE,YES,NO,HIGH,Manually checked; no 1st Edition stamp found. Treat as Unlimited.,,,bulk,NO,vision_full_card_api_validated,0.2310,B01-C032,output/first_edition_review_crops_clean/B02-C113__Jungle__55_64__Mankey.jpg,Unlimited,Pokemon Mankey 55/64 Jungle Unlimited MP,,NO_TCG_PRICE,,,,,NO_TCG_PRICE,Pokemon Mankey 55/64 Jungle LP/MP,"Mankey 55/64 from Jungle.
Variant: Unlimited.
Condition estimate: LP/MP. See front and back photos for exact condition.
Raw card, not graded.",,
B02-C114,cards/binder_2/card_114_front.jpg,cards/binder_2/card_114_back.jpg,32/62,Cloyster,Fossil,Uncommon,LP/MP,MP,unlimited_confirmed,NO,NOT_APPLICABLE,YES,NO,HIGH,Manually checked; no 1st Edition stamp found. Treat as Unlimited.,,,bulk,NO,vision_full_card_api_validated,0.1799,B01-C057,output/first_edition_review_crops_clean/B02-C114__Fossil__32_62__Cloyster.jpg,Unlimited,Pokemon Cloyster 32/62 Fossil Unlimited MP,,NO_TCG_PRICE,,,,,NO_TCG_PRICE,Pokemon Cloyster 32/62 Fossil LP/MP,"Cloyster 32/62 from Fossil.
Variant: Unlimited.
Condition estimate: LP/MP. See front and back photos for exact condition.
Raw card, not graded.",,
B02-C115,cards/binder_2/card_115_front.jpg,cards/binder_2/card_115_back.jpg,50/102,Gastly,Base,Common,LP/MP,MP,base_unlimited_confirmed,NO,NO,YES,NO,HIGH,Base Unlimited confirmed; no Shadowless marker found.,,,bulk,NO,vision_full_card_api_validated,0.3196,B01-C032,output/first_edition_review_crops_clean/B02-C115__Base__50_102__Gastly.jpg,Unlimited,Pokemon Gastly 50/102 Base Unlimited MP,0.94,TCGPLAYER_MARKET,,,,0.66,TCG_API_REFERENCE_ESTIMATE_70_PERCENT_FOR_LP_MP,Pokemon Gastly 50/102 Base LP/MP,"Gastly 50/102 from Base.
Variant: Unlimited.
Condition estimate: LP/MP. See front and back photos for exact condition.
Raw card, not graded.",,
B02-C116,cards/binder_2/card_116_front.jpg,cards/binder_2/card_116_back.jpg,49/102,Drowzee,Base,Common,LP/MP,MP,base_unlimited_confirmed,NO,NO,YES,NO,HIGH,Base Unlimited confirmed; no Shadowless marker found.,,,bulk,NO,vision_full_card_api_validated,0.2128,B01-C032,output/first_edition_review_crops_clean/B02-C116__Base__49_102__Drowzee.jpg,Unlimited,Pokemon Drowzee 49/102 Base Unlimited MP,0.70,TCGPLAYER_MARKET,,,,0.49,TCG_API_REFERENCE_ESTIMATE_70_PERCENT_FOR_LP_MP,Pokemon Drowzee 49/102 Base LP/MP,"Drowzee 49/102 from Base.
Variant: Unlimited.
Condition estimate: LP/MP. See front and back photos for exact condition.
Raw card, not graded.",,
B02-C117,cards/binder_2/card_117_front.jpg,cards/binder_2/card_117_back.jpg,41/102,Seel,Base,Uncommon,LP/MP,MP,base_unlimited_confirmed,NO,NO,YES,NO,HIGH,Base Unlimited confirmed; no Shadowless marker found.,,,bulk,NO,vision_full_card_api_validated,0.3222,B01-C057,output/first_edition_review_crops_clean/B02-C117__Base__41_102__Seel.jpg,Unlimited,Pokemon Seel 41/102 Base Unlimited MP,1.20,TCGPLAYER_MARKET,,,,0.84,TCG_API_REFERENCE_ESTIMATE_70_PERCENT_FOR_LP_MP,Pokemon Seel 41/102 Base LP/MP,"Seel 41/102 from Base.
Variant: Unlimited.
Condition estimate: LP/MP. See front and back photos for exact condition.
Raw card, not graded.",,
B02-C118,cards/binder_2/card_118_front.jpg,cards/binder_2/card_118_back.jpg,59/64,Paras,Jungle,Common,LP/MP,MP,unlimited_confirmed,NO,NOT_APPLICABLE,YES,NO,HIGH,Manually checked; no 1st Edition stamp found. Treat as Unlimited.,,,bulk,NO,vision_full_card_api_validated,0.3669,B01-C110,output/first_edition_review_crops_clean/B02-C118__Jungle__59_64__Paras.jpg,Unlimited,Pokemon Paras 59/64 Jungle Unlimited MP,,NO_TCG_PRICE,,,,,NO_TCG_PRICE,Pokemon Paras 59/64 Jungle LP/MP,"Paras 59/64 from Jungle.
Variant: Unlimited.
Condition estimate: LP/MP. See front and back photos for exact condition.
Raw card, not graded.",,
B02-C119,cards/binder_2/card_119_front.jpg,cards/binder_2/card_119_back.jpg,47/82,Magikarp,Team Rocket,Uncommon,LP/MP,MP,unlimited_confirmed,NO,NOT_APPLICABLE,YES,NO,HIGH,Manually checked; no 1st Edition stamp found. Treat as Unlimited.,,,bulk,NO,vision_full_card_api_validated,0.3615,B01-C057,output/first_edition_review_crops_clean/B02-C119__Team Rocket__47_82__Magikarp.jpg,Unlimited,Pokemon Magikarp 47/82 Team Rocket Unlimited MP,,NO_TCG_PRICE,,,,,NO_TCG_PRICE,Pokemon Magikarp 47/82 Team Rocket LP/MP,"Magikarp 47/82 from Team Rocket.
Variant: Unlimited.
Condition estimate: LP/MP. See front and back photos for exact condition.
Raw card, not graded.",,
B02-C120,cards/binder_2/card_120_front.jpg,cards/binder_2/card_120_back.jpg,67/82,Slowpoke,Team Rocket,Common,LP/MP,MP,unlimited_confirmed,NO,NOT_APPLICABLE,YES,NO,HIGH,Manually checked; no 1st Edition stamp found. Treat as Unlimited.,,,bulk,NO,vision_full_card_api_validated,0.3293,B01-C032,output/first_edition_review_crops_clean/B02-C120__Team Rocket__67_82__Slowpoke.jpg,Unlimited,Pokemon Slowpoke 67/82 Team Rocket Unlimited MP,,NO_TCG_PRICE,,,,,NO_TCG_PRICE,Pokemon Slowpoke 67/82 Team Rocket LP/MP,"Slowpoke 67/82 from Team Rocket.
Variant: Unlimited.
Condition estimate: LP/MP. See front and back photos for exact condition.
Raw card, not graded.",,
B02-C121,cards/binder_2/card_121_front.jpg,cards/binder_2/card_121_back.jpg,53/62,Psyduck,Fossil,Common,LP/MP,MP,unlimited_confirmed,NO,NOT_APPLICABLE,YES,NO,HIGH,Manually checked; no 1st Edition stamp found. Treat as Unlimited.,,,bulk,NO,vision_full_card_api_validated,0.2864,B01-C032,output/first_edition_review_crops_clean/B02-C121__Fossil__53_62__Psyduck.jpg,Unlimited,Pokemon Psyduck 53/62 Fossil Unlimited MP,,NO_TCG_PRICE,,,,,NO_TCG_PRICE,Pokemon Psyduck 53/62 Fossil LP/MP,"Psyduck 53/62 from Fossil.
Variant: Unlimited.
Condition estimate: LP/MP. See front and back photos for exact condition.
Raw card, not graded.",,
B02-C122,cards/binder_2/card_122_front.jpg,cards/binder_2/card_122_back.jpg,51/62,Krabby,Fossil,Common,LP/MP,MP,unlimited_confirmed,NO,NOT_APPLICABLE,YES,NO,HIGH,Manually checked; no 1st Edition stamp found. Treat as Unlimited.,,,bulk,NO,vision_full_card_api_validated,0.2540,B01-C057,output/first_edition_review_crops_clean/B02-C122__Fossil__51_62__Krabby.jpg,Unlimited,Pokemon Krabby 51/62 Fossil Unlimited MP,,NO_TCG_PRICE,,,,,NO_TCG_PRICE,Pokemon Krabby 51/62 Fossil LP/MP,"Krabby 51/62 from Fossil.
Variant: Unlimited.
Condition estimate: LP/MP. See front and back photos for exact condition.
Raw card, not graded.",,
B02-C123,cards/binder_2/card_123_front.jpg,cards/binder_2/card_123_back.jpg,48/102,Doduo,Base,Common,LP/MP,MP,base_unlimited_confirmed,NO,NO,YES,NO,HIGH,Base Unlimited confirmed; no Shadowless marker found.,,,bulk,NO,vision_full_card_api_validated,-0.1036,B01-C032,output/first_edition_review_crops_clean/B02-C123__Base__48_102__Doduo.jpg,Unlimited,Pokemon Doduo 48/102 Base Unlimited MP,1.40,TCGPLAYER_MARKET,,,,0.98,TCG_API_REFERENCE_ESTIMATE_70_PERCENT_FOR_LP_MP,Pokemon Doduo 48/102 Base LP/MP,"Doduo 48/102 from Base.
Variant: Unlimited.
Condition estimate: LP/MP. See front and back photos for exact condition.
Raw card, not graded.",,
B02-C124,cards/binder_2/card_124_front.jpg,cards/binder_2/card_124_back.jpg,45/102,Caterpie,Base,Common,LP/MP,MP,base_unlimited_confirmed,NO,NO,YES,NO,HIGH,Base Unlimited confirmed; no Shadowless marker found.,,,bulk,NO,vision_full_card_api_validated,0.3103,B01-C032,output/first_edition_review_crops_clean/B02-C124__Base__45_102__Caterpie.jpg,Unlimited,Pokemon Caterpie 45/102 Base Unlimited MP,1.05,TCGPLAYER_MARKET,,,,0.73,TCG_API_REFERENCE_ESTIMATE_70_PERCENT_FOR_LP_MP,Pokemon Caterpie 45/102 Base LP/MP,"Caterpie 45/102 from Base.
Variant: Unlimited.
Condition estimate: LP/MP. See front and back photos for exact condition.
Raw card, not graded.",,
B02-C125,cards/binder_2/card_125_front.jpg,cards/binder_2/card_125_back.jpg,57/64,Nidoran ♀,Jungle,Common,LP/MP,MP,unlimited_confirmed,NO,NOT_APPLICABLE,YES,NO,HIGH,Manually checked; no 1st Edition stamp found. Treat as Unlimited.,,,bulk,NO,fixed_by_card_number_api,0.2407,B01-C032,output/first_edition_review_crops_clean/B02-C125__Jungle__57_64__Nidoran _.jpg,Unlimited,Pokemon Nidoran ♀ 57/64 Jungle Unlimited MP,,NO_TCG_PRICE,,,,,NO_TCG_PRICE,Pokemon Nidoran ♀ 57/64 Jungle LP/MP,"Nidoran ♀ 57/64 from Jungle.
Variant: Unlimited.
Condition estimate: LP/MP. See front and back photos for exact condition.
Raw card, not graded.",,
B02-C126,cards/binder_2/card_126_front.jpg,cards/binder_2/card_126_back.jpg,61/82,Mankey,Team Rocket,Common,LP/MP,MP,unlimited_confirmed,NO,NOT_APPLICABLE,YES,NO,HIGH,Manually checked; no 1st Edition stamp found. Treat as Unlimited.,,,bulk,NO,vision_full_card_api_validated,0.1803,B01-C032,output/first_edition_review_crops_clean/B02-C126__Team Rocket__61_82__Mankey.jpg,Unlimited,Pokemon Mankey 61/82 Team Rocket Unlimited MP,,NO_TCG_PRICE,,,,,NO_TCG_PRICE,Pokemon Mankey 61/82 Team Rocket LP/MP,"Mankey 61/82 from Team Rocket.
Variant: Unlimited.
Condition estimate: LP/MP. See front and back photos for exact condition.
Raw card, not graded.",,
B02-C127,cards/binder_2/card_127_front.jpg,cards/binder_2/card_127_back.jpg,51/64,Rhyhorn,Jungle,Common,LP/MP,MP,unlimited_confirmed,NO,NOT_APPLICABLE,YES,NO,HIGH,Manually checked; no 1st Edition stamp found. Treat as Unlimited.,,,bulk,NO,fixed_from_saved_vision_or_visual_confirmation,0.2248,B01-C032,output/first_edition_review_crops_clean/B02-C127__Jungle__51_64__Rhyhorn.jpg,Unlimited,Pokemon Rhyhorn 51/64 Jungle Unlimited MP,,NO_TCG_MATCH,,,,,NO_TCG_MATCH,Pokemon Rhyhorn 51/64 Jungle LP/MP,"Rhyhorn 51/64 from Jungle.
Variant: Unlimited.
Condition estimate: LP/MP. See front and back photos for exact condition.
Raw card, not graded.",,
B02-C128,cards/binder_2/card_128_front.jpg,cards/binder_2/card_128_back.jpg,61/82,Mankey,Team Rocket,Common,LP/MP,MP,unlimited_confirmed,NO,NOT_APPLICABLE,YES,NO,HIGH,Manually checked; no 1st Edition stamp found. Treat as Unlimited.,,,bulk,NO,vision_full_card_api_validated,0.2531,B01-C032,output/first_edition_review_crops_clean/B02-C128__Team Rocket__61_82__Mankey.jpg,Unlimited,Pokemon Mankey 61/82 Team Rocket Unlimited MP,,NO_TCG_PRICE,,,,,NO_TCG_PRICE,Pokemon Mankey 61/82 Team Rocket LP/MP,"Mankey 61/82 from Team Rocket.
Variant: Unlimited.
Condition estimate: LP/MP. See front and back photos for exact condition.
Raw card, not graded.",,
B02-C129,cards/binder_2/card_129_front.jpg,cards/binder_2/card_129_back.jpg,37/62,Graveler,Fossil,Uncommon,LP/MP,MP,unlimited_confirmed,NO,NOT_APPLICABLE,YES,NO,HIGH,Manually checked; no 1st Edition stamp found. Treat as Unlimited.,,,bulk,NO,vision_full_card_api_validated,0.2444,B01-C032,output/first_edition_review_crops_clean/B02-C129__Fossil__37_62__Graveler.jpg,Unlimited,Pokemon Graveler 37/62 Fossil Unlimited MP,,NO_TCG_PRICE,,,,,NO_TCG_PRICE,Pokemon Graveler 37/62 Fossil LP/MP,"Graveler 37/62 from Fossil.
Variant: Unlimited.
Condition estimate: LP/MP. See front and back photos for exact condition.
Raw card, not graded.",,
B02-C130,cards/binder_2/card_130_front.jpg,cards/binder_2/card_130_back.jpg,54/82,Drowzee,Team Rocket,Common,LP/MP,MP,unlimited_confirmed,NO,NOT_APPLICABLE,YES,NO,HIGH,Manually checked; no 1st Edition stamp found. Treat as Unlimited.,,,bulk,NO,vision_full_card_api_validated,0.4905,B01-C057,output/first_edition_review_crops_clean/B02-C130__Team Rocket__54_82__Drowzee.jpg,Unlimited,Pokemon Drowzee 54/82 Team Rocket Unlimited MP,,NO_TCG_PRICE,,,,,NO_TCG_PRICE,Pokemon Drowzee 54/82 Team Rocket LP/MP,"Drowzee 54/82 from Team Rocket.
Variant: Unlimited.
Condition estimate: LP/MP. See front and back photos for exact condition.
Raw card, not graded.",,
B02-C131,cards/binder_2/card_131_front.jpg,cards/binder_2/card_131_back.jpg,56/64,Meowth,Jungle,Common,LP/MP,MP,unlimited_confirmed,NO,NOT_APPLICABLE,YES,NO,HIGH,Manually checked; no 1st Edition stamp found. Treat as Unlimited.,,,bulk,NO,vision_full_card_api_validated,-0.1596,B01-C057,output/first_edition_review_crops_clean/B02-C131__Jungle__56_64__Meowth.jpg,Unlimited,Pokemon Meowth 56/64 Jungle Unlimited MP,,NO_TCG_PRICE,,,,,NO_TCG_PRICE,Pokemon Meowth 56/64 Jungle LP/MP,"Meowth 56/64 from Jungle.
Variant: Unlimited.
Condition estimate: LP/MP. See front and back photos for exact condition.
Raw card, not graded.",,
B02-C132,cards/binder_2/card_132_front.jpg,cards/binder_2/card_132_back.jpg,51/62,Krabby,Fossil,Common,LP/MP,MP,unlimited_confirmed,NO,NOT_APPLICABLE,YES,NO,HIGH,Manually checked; no 1st Edition stamp found. Treat as Unlimited.,,,bulk,NO,vision_full_card_api_validated,0.2289,B01-C057,output/first_edition_review_crops_clean/B02-C132__Fossil__51_62__Krabby.jpg,Unlimited,Pokemon Krabby 51/62 Fossil Unlimited MP,,NO_TCG_PRICE,,,,,NO_TCG_PRICE,Pokemon Krabby 51/62 Fossil LP/MP,"Krabby 51/62 from Fossil.
Variant: Unlimited.
Condition estimate: LP/MP. See front and back photos for exact condition.
Raw card, not graded.",,
B02-C133,cards/binder_2/card_133_front.jpg,cards/binder_2/card_133_back.jpg,39/82,Dark Kadabra,Team Rocket,Uncommon,LP/MP,MP,unlimited_confirmed,NO,NOT_APPLICABLE,YES,NO,HIGH,Manually checked; no 1st Edition stamp found. Treat as Unlimited.,,,bulk,NO,fixed_by_card_number_api,0.2685,B01-C057,output/first_edition_review_crops_clean/B02-C133__Team Rocket__39_82__Dark Kadabra.jpg,Unlimited,Pokemon Dark Kadabra 39/82 Team Rocket Unlimited MP,,NO_TCG_PRICE,,,,,NO_TCG_PRICE,Pokemon Dark Kadabra 39/82 Team Rocket LP/MP,"Dark Kadabra 39/82 from Team Rocket.
Variant: Unlimited.
Condition estimate: LP/MP. See front and back photos for exact condition.
Raw card, not graded.",,
B02-C134,cards/binder_2/card_134_front.jpg,cards/binder_2/card_134_back.jpg,37/62,Graveler,Fossil,Uncommon,LP/MP,MP,unlimited_confirmed,NO,NOT_APPLICABLE,YES,NO,HIGH,Manually checked; no 1st Edition stamp found. Treat as Unlimited.,,,bulk,NO,fixed_from_saved_vision_or_visual_confirmation,0.2419,B01-C057,output/first_edition_review_crops_clean/B02-C134__Fossil__37_62__Graveler.jpg,Unlimited,Pokemon Graveler 37/62 Fossil Unlimited MP,,NO_TCG_PRICE,,,,,NO_TCG_PRICE,Pokemon Graveler 37/62 Fossil LP/MP,"Graveler 37/62 from Fossil.
Variant: Unlimited.
Condition estimate: LP/MP. See front and back photos for exact condition.
Raw card, not graded.",,
B02-C135,cards/binder_2/card_135_front.jpg,cards/binder_2/card_135_back.jpg,55/64,Mankey,Jungle,Common,LP/MP,MP,unlimited_confirmed,NO,NOT_APPLICABLE,YES,NO,HIGH,Manually checked; no 1st Edition stamp found. Treat as Unlimited.,,,bulk,NO,vision_full_card_api_validated,0.1993,B01-C057,output/first_edition_review_crops_clean/B02-C135__Jungle__55_64__Mankey.jpg,Unlimited,Pokemon Mankey 55/64 Jungle Unlimited MP,,NO_TCG_PRICE,,,,,NO_TCG_PRICE,Pokemon Mankey 55/64 Jungle LP/MP,"Mankey 55/64 from Jungle.
Variant: Unlimited.
Condition estimate: LP/MP. See front and back photos for exact condition.
Raw card, not graded.",,
B02-C136,cards/binder_2/card_136_front.jpg,cards/binder_2/card_136_back.jpg,31/62,Arbok,Fossil,Uncommon,LP/MP,MP,unlimited_confirmed,NO,NOT_APPLICABLE,YES,NO,HIGH,Manually checked; no 1st Edition stamp found. Treat as Unlimited.,,,bulk,NO,vision_full_card_api_validated,0.4273,B01-C057,output/first_edition_review_crops_clean/B02-C136__Fossil__31_62__Arbok.jpg,Unlimited,Pokemon Arbok 31/62 Fossil Unlimited MP,,NO_TCG_PRICE,,,,,NO_TCG_PRICE,Pokemon Arbok 31/62 Fossil LP/MP,"Arbok 31/62 from Fossil.
Variant: Unlimited.
Condition estimate: LP/MP. See front and back photos for exact condition.
Raw card, not graded.",,
B02-C137,cards/binder_2/card_137_front.jpg,cards/binder_2/card_137_back.jpg,35/64,Exeggutor,Jungle,Uncommon,LP/MP,MP,unlimited_confirmed,NO,NOT_APPLICABLE,YES,NO,HIGH,Manually checked; no 1st Edition stamp found. Treat as Unlimited.,,,bulk,NO,vision_full_card_api_validated,0.3388,B01-C110,output/first_edition_review_crops_clean/B02-C137__Jungle__35_64__Exeggutor.jpg,Unlimited,Pokemon Exeggutor 35/64 Jungle Unlimited MP,,NO_TCG_PRICE,,,,,NO_TCG_PRICE,Pokemon Exeggutor 35/64 Jungle LP/MP,"Exeggutor 35/64 from Jungle.
Variant: Unlimited.
Condition estimate: LP/MP. See front and back photos for exact condition.
Raw card, not graded.",,
B02-C138,cards/binder_2/card_138_front.jpg,cards/binder_2/card_138_back.jpg,56/62,Tentacool,Fossil,Common,LP/MP,MP,unlimited_confirmed,NO,NOT_APPLICABLE,YES,NO,HIGH,Manually checked; no 1st Edition stamp found. Treat as Unlimited.,,,bulk,NO,vision_full_card_api_validated,0.3910,B01-C057,output/first_edition_review_crops_clean/B02-C138__Fossil__56_62__Tentacool.jpg,Unlimited,Pokemon Tentacool 56/62 Fossil Unlimited MP,,NO_TCG_PRICE,,,,,NO_TCG_PRICE,Pokemon Tentacool 56/62 Fossil LP/MP,"Tentacool 56/62 from Fossil.
Variant: Unlimited.
Condition estimate: LP/MP. See front and back photos for exact condition.
Raw card, not graded.",,
B02-C139,cards/binder_2/card_139_front.jpg,cards/binder_2/card_139_back.jpg,46/62,Ekans,Fossil,Common,LP/MP,MP,unlimited_confirmed,NO,NOT_APPLICABLE,YES,NO,HIGH,Manually checked; no 1st Edition stamp found. Treat as Unlimited.,,,bulk,NO,vision_full_card_api_validated,0.4904,B01-C032,output/first_edition_review_crops_clean/B02-C139__Fossil__46_62__Ekans.jpg,Unlimited,Pokemon Ekans 46/62 Fossil Unlimited MP,,NO_TCG_PRICE,,,,,NO_TCG_PRICE,Pokemon Ekans 46/62 Fossil LP/MP,"Ekans 46/62 from Fossil.
Variant: Unlimited.
Condition estimate: LP/MP. See front and back photos for exact condition.
Raw card, not graded.",,
B02-C140,cards/binder_2/card_140_front.jpg,cards/binder_2/card_140_back.jpg,56/64,Meowth,Jungle,Common,LP/MP,MP,unlimited_confirmed,NO,NOT_APPLICABLE,YES,NO,HIGH,Manually checked; no 1st Edition stamp found. Treat as Unlimited.,,,bulk,NO,vision_full_card_api_validated,-0.1345,B01-C032,output/first_edition_review_crops_clean/B02-C140__Jungle__56_64__Meowth.jpg,Unlimited,Pokemon Meowth 56/64 Jungle Unlimited MP,,NO_TCG_PRICE,,,,,NO_TCG_PRICE,Pokemon Meowth 56/64 Jungle LP/MP,"Meowth 56/64 from Jungle.
Variant: Unlimited.
Condition estimate: LP/MP. See front and back photos for exact condition.
Raw card, not graded.",,
B02-C141,cards/binder_2/card_141_front.jpg,cards/binder_2/card_141_back.jpg,51/62,Krabby,Fossil,Common,LP/MP,MP,unlimited_confirmed,NO,NOT_APPLICABLE,YES,NO,HIGH,Manually checked; no 1st Edition stamp found. Treat as Unlimited.,,,bulk,NO,vision_full_card_api_validated,0.2178,B01-C032,output/first_edition_review_crops_clean/B02-C141__Fossil__51_62__Krabby.jpg,Unlimited,Pokemon Krabby 51/62 Fossil Unlimited MP,,NO_TCG_PRICE,,,,,NO_TCG_PRICE,Pokemon Krabby 51/62 Fossil LP/MP,"Krabby 51/62 from Fossil.
Variant: Unlimited.
Condition estimate: LP/MP. See front and back photos for exact condition.
Raw card, not graded.",,
B02-C142,cards/binder_2/card_142_front.jpg,cards/binder_2/card_142_back.jpg,53/82,Dratini,Team Rocket,Common,LP/MP,MP,unlimited_confirmed,NO,NOT_APPLICABLE,YES,NO,HIGH,Manually checked; no 1st Edition stamp found. Treat as Unlimited.,,,bulk,NO,vision_full_card_api_validated,-0.1079,B01-C032,output/first_edition_review_crops_clean/B02-C142__Team Rocket__53_82__Dratini.jpg,Unlimited,Pokemon Dratini 53/82 Team Rocket Unlimited MP,,NO_TCG_PRICE,,,,,NO_TCG_PRICE,Pokemon Dratini 53/82 Team Rocket LP/MP,"Dratini 53/82 from Team Rocket.
Variant: Unlimited.
Condition estimate: LP/MP. See front and back photos for exact condition.
Raw card, not graded.",,
B02-C143,cards/binder_2/card_143_front.jpg,cards/binder_2/card_143_back.jpg,49/62,Horsea,Fossil,Common,LP/MP,MP,unlimited_confirmed,NO,NOT_APPLICABLE,YES,NO,HIGH,Manually checked; no 1st Edition stamp found. Treat as Unlimited.,,,bulk,NO,vision_full_card_api_validated,0.2161,B01-C032,output/first_edition_review_crops_clean/B02-C143__Fossil__49_62__Horsea.jpg,Unlimited,Pokemon Horsea 49/62 Fossil Unlimited MP,,NO_TCG_PRICE,,,,,NO_TCG_PRICE,Pokemon Horsea 49/62 Fossil LP/MP,"Horsea 49/62 from Fossil.
Variant: Unlimited.
Condition estimate: LP/MP. See front and back photos for exact condition.
Raw card, not graded.",,
B02-C144,cards/binder_2/card_144_front.jpg,cards/binder_2/card_144_back.jpg,61/102,Rattata,Base,Common,LP/MP,MP,base_unlimited_confirmed,NO,NO,YES,NO,HIGH,Base Unlimited confirmed; no Shadowless marker found.,,,bulk,NO,vision_full_card_api_validated,-0.1113,B01-C032,output/first_edition_review_crops_clean/B02-C144__Base__61_102__Rattata.jpg,Unlimited,Pokemon Rattata 61/102 Base Unlimited MP,0.73,TCGPLAYER_MARKET,,,,0.51,TCG_API_REFERENCE_ESTIMATE_70_PERCENT_FOR_LP_MP,Pokemon Rattata 61/102 Base LP/MP,"Rattata 61/102 from Base.
Variant: Unlimited.
Condition estimate: LP/MP. See front and back photos for exact condition.
Raw card, not graded.",,
B02-C145,cards/binder_2/card_145_front.jpg,cards/binder_2/card_145_back.jpg,46/64,Seaking,Jungle,Uncommon,LP/MP,MP,unlimited_confirmed,NO,NOT_APPLICABLE,YES,NO,HIGH,Manually checked; no 1st Edition stamp found. Treat as Unlimited.,,,bulk,NO,vision_full_card_api_validated,0.2231,B01-C032,output/first_edition_review_crops_clean/B02-C145__Jungle__46_64__Seaking.jpg,Unlimited,Pokemon Seaking 46/64 Jungle Unlimited MP,,NO_TCG_PRICE,,,,,NO_TCG_PRICE,Pokemon Seaking 46/64 Jungle LP/MP,"Seaking 46/64 from Jungle.
Variant: Unlimited.
Condition estimate: LP/MP. See front and back photos for exact condition.
Raw card, not graded.",,
B02-C146,cards/binder_2/card_146_front.jpg,cards/binder_2/card_146_back.jpg,47/62,Geodude,Fossil,Common,LP/MP,MP,unlimited_confirmed,NO,NOT_APPLICABLE,YES,NO,HIGH,Manually checked; no 1st Edition stamp found. Treat as Unlimited.,,,bulk,NO,fixed_from_saved_vision_or_visual_confirmation,0.2348,B01-C032,output/first_edition_review_crops_clean/B02-C146__Fossil__47_62__Geodude.jpg,Unlimited,Pokemon Geodude 47/62 Fossil Unlimited MP,,NO_TCG_PRICE,,,,,NO_TCG_PRICE,Pokemon Geodude 47/62 Fossil LP/MP,"Geodude 47/62 from Fossil.
Variant: Unlimited.
Condition estimate: LP/MP. See front and back photos for exact condition.
Raw card, not graded.",,
B02-C147,cards/binder_2/card_147_front.jpg,cards/binder_2/card_147_back.jpg,62/82,Meowth,Team Rocket,Common,LP/MP,MP,unlimited_confirmed,NO,NOT_APPLICABLE,YES,NO,HIGH,Manually checked; no 1st Edition stamp found. Treat as Unlimited.,,,bulk,NO,vision_full_card_api_validated,0.0566,B01-C057,output/first_edition_review_crops_clean/B02-C147__Team Rocket__62_82__Meowth.jpg,Unlimited,Pokemon Meowth 62/82 Team Rocket Unlimited MP,,NO_TCG_PRICE,,,,,NO_TCG_PRICE,Pokemon Meowth 62/82 Team Rocket LP/MP,"Meowth 62/82 from Team Rocket.
Variant: Unlimited.
Condition estimate: LP/MP. See front and back photos for exact condition.
Raw card, not graded.",,
B02-C148,cards/binder_2/card_148_front.jpg,cards/binder_2/card_148_back.jpg,56/62,Tentacool,Fossil,Common,LP/MP,MP,unlimited_confirmed,NO,NOT_APPLICABLE,YES,NO,HIGH,Manually checked; no 1st Edition stamp found. Treat as Unlimited.,,,bulk,NO,vision_full_card_api_validated,0.3011,B01-C032,output/first_edition_review_crops_clean/B02-C148__Fossil__56_62__Tentacool.jpg,Unlimited,Pokemon Tentacool 56/62 Fossil Unlimited MP,,NO_TCG_PRICE,,,,,NO_TCG_PRICE,Pokemon Tentacool 56/62 Fossil LP/MP,"Tentacool 56/62 from Fossil.
Variant: Unlimited.
Condition estimate: LP/MP. See front and back photos for exact condition.
Raw card, not graded.",,
B02-C149,cards/binder_2/card_149_front.jpg,cards/binder_2/card_149_back.jpg,54/62,Shellder,Fossil,Common,LP/MP,MP,unlimited_confirmed,NO,NOT_APPLICABLE,YES,NO,HIGH,Manually checked; no 1st Edition stamp found. Treat as Unlimited.,,,bulk,NO,vision_full_card_api_validated,0.4045,B01-C057,output/first_edition_review_crops_clean/B02-C149__Fossil__54_62__Shellder.jpg,Unlimited,Pokemon Shellder 54/62 Fossil Unlimited MP,,NO_TCG_PRICE,,,,,NO_TCG_PRICE,Pokemon Shellder 54/62 Fossil LP/MP,"Shellder 54/62 from Fossil.
Variant: Unlimited.
Condition estimate: LP/MP. See front and back photos for exact condition.
Raw card, not graded.",,
B02-C150,cards/binder_2/card_150_front.jpg,cards/binder_2/card_150_back.jpg,47/62,Geodude,Fossil,Common,LP/MP,MP,unlimited_confirmed,NO,NOT_APPLICABLE,YES,NO,HIGH,Manually checked; no 1st Edition stamp found. Treat as Unlimited.,,,bulk,NO,fixed_from_saved_vision_or_visual_confirmation,0.4280,B01-C057,output/first_edition_review_crops_clean/B02-C150__Fossil__47_62__Geodude.jpg,Unlimited,Pokemon Geodude 47/62 Fossil Unlimited MP,,NO_TCG_PRICE,,,,,NO_TCG_PRICE,Pokemon Geodude 47/62 Fossil LP/MP,"Geodude 47/62 from Fossil.
Variant: Unlimited.
Condition estimate: LP/MP. See front and back photos for exact condition.
Raw card, not graded.",,
B02-C151,cards/binder_2/card_151_front.jpg,cards/binder_2/card_151_back.jpg,43/82,Dark Primeape,Team Rocket,Uncommon,LP/MP,MP,unlimited_confirmed,NO,NOT_APPLICABLE,YES,NO,HIGH,Manually checked; no 1st Edition stamp found. Treat as Unlimited.,,,bulk,NO,fixed_by_card_number_api,0.0539,B01-C032,output/first_edition_review_crops_clean/B02-C151__Team Rocket__43_82__Dark Primeape.jpg,Unlimited,Pokemon Dark Primeape 43/82 Team Rocket Unlimited MP,,NO_TCG_PRICE,,,,,NO_TCG_PRICE,Pokemon Dark Primeape 43/82 Team Rocket LP/MP,"Dark Primeape 43/82 from Team Rocket.
Variant: Unlimited.
Condition estimate: LP/MP. See front and back photos for exact condition.
Raw card, not graded.",,
B02-C152,cards/binder_2/card_152_front.jpg,cards/binder_2/card_152_back.jpg,53/82,Dratini,Team Rocket,Common,LP/MP,MP,unlimited_confirmed,NO,NOT_APPLICABLE,YES,NO,HIGH,Manually checked; no 1st Edition stamp found. Treat as Unlimited.,,,bulk,NO,vision_full_card_api_validated,0.0110,B01-C110,output/first_edition_review_crops_clean/B02-C152__Team Rocket__53_82__Dratini.jpg,Unlimited,Pokemon Dratini 53/82 Team Rocket Unlimited MP,,NO_TCG_PRICE,,,,,NO_TCG_PRICE,Pokemon Dratini 53/82 Team Rocket LP/MP,"Dratini 53/82 from Team Rocket.
Variant: Unlimited.
Condition estimate: LP/MP. See front and back photos for exact condition.
Raw card, not graded.",,
B02-C153,cards/binder_2/card_153_front.jpg,cards/binder_2/card_153_back.jpg,36/62,Golem,Fossil,Uncommon,LP/MP,MP,unlimited_confirmed,NO,NOT_APPLICABLE,YES,NO,HIGH,Manually checked; no 1st Edition stamp found. Treat as Unlimited.,,,bulk,NO,vision_full_card_api_validated,0.1374,B01-C032,output/first_edition_review_crops_clean/B02-C153__Fossil__36_62__Golem.jpg,Unlimited,Pokemon Golem 36/62 Fossil Unlimited MP,,NO_TCG_PRICE,,,,,NO_TCG_PRICE,Pokemon Golem 36/62 Fossil LP/MP,"Golem 36/62 from Fossil.
Variant: Unlimited.
Condition estimate: LP/MP. See front and back photos for exact condition.
Raw card, not graded.",,
B02-C154,cards/binder_2/card_154_front.jpg,cards/binder_2/card_154_back.jpg,47/62,Geodude,Fossil,Common,LP/MP,MP,unlimited_confirmed,NO,NOT_APPLICABLE,YES,NO,HIGH,Manually checked; no 1st Edition stamp found. Treat as Unlimited.,,,bulk,NO,vision_full_card_api_validated,0.2045,B01-C032,output/first_edition_review_crops_clean/B02-C154__Fossil__47_62__Geodude.jpg,Unlimited,Pokemon Geodude 47/62 Fossil Unlimited MP,,NO_TCG_PRICE,,,,,NO_TCG_PRICE,Pokemon Geodude 47/62 Fossil LP/MP,"Geodude 47/62 from Fossil.
Variant: Unlimited.
Condition estimate: LP/MP. See front and back photos for exact condition.
Raw card, not graded.",,
B02-C155,cards/binder_2/card_155_front.jpg,cards/binder_2/card_155_back.jpg,32/62,Cloyster,Fossil,Uncommon,LP/MP,MP,unlimited_confirmed,NO,NOT_APPLICABLE,YES,NO,HIGH,Manually checked; no 1st Edition stamp found. Treat as Unlimited.,,,bulk,NO,vision_full_card_api_validated,0.1665,B01-C057,output/first_edition_review_crops_clean/B02-C155__Fossil__32_62__Cloyster.jpg,Unlimited,Pokemon Cloyster 32/62 Fossil Unlimited MP,,NO_TCG_PRICE,,,,,NO_TCG_PRICE,Pokemon Cloyster 32/62 Fossil LP/MP,"Cloyster 32/62 from Fossil.
Variant: Unlimited.
Condition estimate: LP/MP. See front and back photos for exact condition.
Raw card, not graded.",,
B02-C156,cards/binder_2/card_156_front.jpg,cards/binder_2/card_156_back.jpg,69/82,Voltorb,Team Rocket,Common,LP/MP,MP,unlimited_confirmed,NO,NOT_APPLICABLE,YES,NO,HIGH,Manually checked; no 1st Edition stamp found. Treat as Unlimited.,,,bulk,NO,vision_full_card_api_validated,-0.1230,B01-C032,output/first_edition_review_crops_clean/B02-C156__Team Rocket__69_82__Voltorb.jpg,Unlimited,Pokemon Voltorb 69/82 Team Rocket Unlimited MP,,NO_TCG_PRICE,,,,,NO_TCG_PRICE,Pokemon Voltorb 69/82 Team Rocket LP/MP,"Voltorb 69/82 from Team Rocket.
Variant: Unlimited.
Condition estimate: LP/MP. See front and back photos for exact condition.
Raw card, not graded.",,
B02-C157,cards/binder_2/card_157_front.jpg,cards/binder_2/card_157_back.jpg,44/62,Tentacruel,Fossil,Uncommon,LP/MP,MP,unlimited_confirmed,NO,NOT_APPLICABLE,YES,NO,HIGH,Manually checked; no 1st Edition stamp found. Treat as Unlimited.,,,bulk,NO,vision_full_card_api_validated,0.2382,B01-C032,output/first_edition_review_crops_clean/B02-C157__Fossil__44_62__Tentacruel.jpg,Unlimited,Pokemon Tentacruel 44/62 Fossil Unlimited MP,,NO_TCG_PRICE,,,,,NO_TCG_PRICE,Pokemon Tentacruel 44/62 Fossil LP/MP,"Tentacruel 44/62 from Fossil.
Variant: Unlimited.
Condition estimate: LP/MP. See front and back photos for exact condition.
Raw card, not graded.",,
B02-C158,cards/binder_2/card_158_front.jpg,cards/binder_2/card_158_back.jpg,64/102,Starmie,Base,Common,LP/MP,MP,base_unlimited_confirmed,NO,NO,YES,NO,HIGH,Base Unlimited confirmed; no Shadowless marker found.,,,bulk,NO,vision_full_card_api_validated,0.3001,B01-C057,output/first_edition_review_crops_clean/B02-C158__Base__64_102__Starmie.jpg,Unlimited,Pokemon Starmie 64/102 Base Unlimited MP,0.74,TCGPLAYER_MARKET,,,,0.52,TCG_API_REFERENCE_ESTIMATE_70_PERCENT_FOR_LP_MP,Pokemon Starmie 64/102 Base LP/MP,"Starmie 64/102 from Base.
Variant: Unlimited.
Condition estimate: LP/MP. See front and back photos for exact condition.
Raw card, not graded.",,
B02-C159,cards/binder_2/card_159_front.jpg,cards/binder_2/card_159_back.jpg,40/62,Omastar,Fossil,Uncommon,LP/MP,MP,unlimited_confirmed,NO,NOT_APPLICABLE,YES,NO,HIGH,Manually checked; no 1st Edition stamp found. Treat as Unlimited.,,,bulk,NO,vision_full_card_api_validated,0.1834,B01-C032,output/first_edition_review_crops_clean/B02-C159__Fossil__40_62__Omastar.jpg,Unlimited,Pokemon Omastar 40/62 Fossil Unlimited MP,,NO_TCG_PRICE,,,,,NO_TCG_PRICE,Pokemon Omastar 40/62 Fossil LP/MP,"Omastar 40/62 from Fossil.
Variant: Unlimited.
Condition estimate: LP/MP. See front and back photos for exact condition.
Raw card, not graded.",,
B02-C160,cards/binder_2/card_160_front.jpg,cards/binder_2/card_160_back.jpg,49/62,Horsea,Fossil,Common,LP/MP,MP,unlimited_confirmed,NO,NOT_APPLICABLE,YES,NO,HIGH,Manually checked; no 1st Edition stamp found. Treat as Unlimited.,,,bulk,NO,vision_full_card_api_validated,0.1814,B01-C032,output/first_edition_review_crops_clean/B02-C160__Fossil__49_62__Horsea.jpg,Unlimited,Pokemon Horsea 49/62 Fossil Unlimited MP,,NO_TCG_PRICE,,,,,NO_TCG_PRICE,Pokemon Horsea 49/62 Fossil LP/MP,"Horsea 49/62 from Fossil.
Variant: Unlimited.
Condition estimate: LP/MP. See front and back photos for exact condition.
Raw card, not graded.",,
B02-C161,cards/binder_2/card_161_front.jpg,cards/binder_2/card_161_back.jpg,32/62,Cloyster,Fossil,Uncommon,LP/MP,MP,unlimited_confirmed,NO,NOT_APPLICABLE,YES,NO,HIGH,Manually checked; no 1st Edition stamp found. Treat as Unlimited.,,,bulk,NO,vision_full_card_api_validated,0.2435,B01-C032,output/first_edition_review_crops_clean/B02-C161__Fossil__32_62__Cloyster.jpg,Unlimited,Pokemon Cloyster 32/62 Fossil Unlimited MP,,NO_TCG_PRICE,,,,,NO_TCG_PRICE,Pokemon Cloyster 32/62 Fossil LP/MP,"Cloyster 32/62 from Fossil.
Variant: Unlimited.
Condition estimate: LP/MP. See front and back photos for exact condition.
Raw card, not graded.",,
B02-C162,cards/binder_2/card_162_front.jpg,cards/binder_2/card_162_back.jpg,53/62,Psyduck,Fossil,Common,LP/MP,MP,unlimited_confirmed,NO,NOT_APPLICABLE,YES,NO,HIGH,Manually checked; no 1st Edition stamp found. Treat as Unlimited.,,,bulk,NO,vision_full_card_api_validated,0.2339,B01-C057,output/first_edition_review_crops_clean/B02-C162__Fossil__53_62__Psyduck.jpg,Unlimited,Pokemon Psyduck 53/62 Fossil Unlimited MP,,NO_TCG_PRICE,,,,,NO_TCG_PRICE,Pokemon Psyduck 53/62 Fossil LP/MP,"Psyduck 53/62 from Fossil.
Variant: Unlimited.
Condition estimate: LP/MP. See front and back photos for exact condition.
Raw card, not graded.",,
B02-C163,cards/binder_2/card_163_front.jpg,cards/binder_2/card_163_back.jpg,59/82,Machop,Team Rocket,Common,LP/MP,MP,unlimited_confirmed,NO,NOT_APPLICABLE,YES,NO,HIGH,Manually checked; no 1st Edition stamp found. Treat as Unlimited.,,,bulk,NO,vision_full_card_api_validated,0.2716,B01-C032,output/first_edition_review_crops_clean/B02-C163__Team Rocket__59_82__Machop.jpg,Unlimited,Pokemon Machop 59/82 Team Rocket Unlimited MP,,NO_TCG_PRICE,,,,,NO_TCG_PRICE,Pokemon Machop 59/82 Team Rocket LP/MP,"Machop 59/82 from Team Rocket.
Variant: Unlimited.
Condition estimate: LP/MP. See front and back photos for exact condition.
Raw card, not graded.",,
B02-C164,cards/binder_2/card_164_front.jpg,cards/binder_2/card_164_back.jpg,51/64,Eevee,Jungle,Common,LP/MP,MP,unlimited_confirmed,NO,NOT_APPLICABLE,YES,NO,HIGH,Manually checked; no 1st Edition stamp found. Treat as Unlimited.,,,bulk,NO,vision_full_card_api_validated,-0.1226,B01-C032,output/first_edition_review_crops_clean/B02-C164__Jungle__51_64__Eevee.jpg,Unlimited,Pokemon Eevee 51/64 Jungle Unlimited MP,,NO_TCG_PRICE,,,,,NO_TCG_PRICE,Pokemon Eevee 51/64 Jungle LP/MP,"Eevee 51/64 from Jungle.
Variant: Unlimited.
Condition estimate: LP/MP. See front and back photos for exact condition.
Raw card, not graded.",,
B02-C165,cards/binder_2/card_165_front.jpg,cards/binder_2/card_165_back.jpg,48/82,Porygon,Team Rocket,Uncommon,LP/MP,MP,unlimited_confirmed,NO,NOT_APPLICABLE,YES,NO,HIGH,Manually checked; no 1st Edition stamp found. Treat as Unlimited.,,,bulk,NO,vision_full_card_api_validated,-0.1135,B01-C032,output/first_edition_review_crops_clean/B02-C165__Team Rocket__48_82__Porygon.jpg,Unlimited,Pokemon Porygon 48/82 Team Rocket Unlimited MP,,NO_TCG_PRICE,,,,,NO_TCG_PRICE,Pokemon Porygon 48/82 Team Rocket LP/MP,"Porygon 48/82 from Team Rocket.
Variant: Unlimited.
Condition estimate: LP/MP. See front and back photos for exact condition.
Raw card, not graded.",,
B02-C166,cards/binder_2/card_166_front.jpg,cards/binder_2/card_166_back.jpg,44/62,Tentacruel,Fossil,Uncommon,LP/MP,MP,unlimited_confirmed,NO,NOT_APPLICABLE,YES,NO,HIGH,Manually checked; no 1st Edition stamp found. Treat as Unlimited.,,,bulk,NO,vision_full_card_api_validated,0.1971,B01-C057,output/first_edition_review_crops_clean/B02-C166__Fossil__44_62__Tentacruel.jpg,Unlimited,Pokemon Tentacruel 44/62 Fossil Unlimited MP,,NO_TCG_PRICE,,,,,NO_TCG_PRICE,Pokemon Tentacruel 44/62 Fossil LP/MP,"Tentacruel 44/62 from Fossil.
Variant: Unlimited.
Condition estimate: LP/MP. See front and back photos for exact condition.
Raw card, not graded.",,
B02-C167,cards/binder_2/card_167_front.jpg,cards/binder_2/card_167_back.jpg,57/62,Zubat,Fossil,Common,LP/MP,MP,unlimited_confirmed,NO,NOT_APPLICABLE,YES,NO,HIGH,Manually checked; no 1st Edition stamp found. Treat as Unlimited.,,,bulk,NO,vision_full_card_api_validated,0.4016,B01-C057,output/first_edition_review_crops_clean/B02-C167__Fossil__57_62__Zubat.jpg,Unlimited,Pokemon Zubat 57/62 Fossil Unlimited MP,,NO_TCG_PRICE,,,,,NO_TCG_PRICE,Pokemon Zubat 57/62 Fossil LP/MP,"Zubat 57/62 from Fossil.
Variant: Unlimited.
Condition estimate: LP/MP. See front and back photos for exact condition.
Raw card, not graded.",,
B02-C168,cards/binder_2/card_168_front.jpg,cards/binder_2/card_168_back.jpg,33/130,Arcanine,Base Set 2,Uncommon,LP/MP,MP,unlimited_or_normal,NO,NOT_APPLICABLE,YES,NO,MEDIUM,No special 1st Edition/Shadowless variant expected.,,,bulk,NO,vision_full_card_api_validated,,,,Unlimited,Pokemon Arcanine 33/130 Base Set 2 Unlimited MP,1.78,TCGPLAYER_MARKET,,,,1.25,TCG_API_REFERENCE_ESTIMATE_70_PERCENT_FOR_LP_MP,Pokemon Arcanine 33/130 Base Set 2 LP/MP,"Arcanine 33/130 from Base Set 2.
Variant: Unlimited.
Condition estimate: LP/MP. See front and back photos for exact condition.
Raw card, not graded.",,
B02-C169,cards/binder_2/card_169_front.jpg,cards/binder_2/card_169_back.jpg,38/62,Kingler,Fossil,Uncommon,LP/MP,MP,unlimited_confirmed,NO,NOT_APPLICABLE,YES,NO,HIGH,Manually checked; no 1st Edition stamp found. Treat as Unlimited.,,,bulk,NO,vision_full_card_api_validated,0.2098,B01-C032,output/first_edition_review_crops_clean/B02-C169__Fossil__38_62__Kingler.jpg,Unlimited,Pokemon Kingler 38/62 Fossil Unlimited MP,,NO_TCG_PRICE,,,,,NO_TCG_PRICE,Pokemon Kingler 38/62 Fossil LP/MP,"Kingler 38/62 from Fossil.
Variant: Unlimited.
Condition estimate: LP/MP. See front and back photos for exact condition.
Raw card, not graded.",,
B02-C170,cards/binder_2/card_170_front.jpg,cards/binder_2/card_170_back.jpg,50/102,Gastly,Base,Common,LP/MP,MP,base_unlimited_confirmed,NO,NO,YES,NO,HIGH,Base Unlimited confirmed; no Shadowless marker found.,,,bulk,NO,vision_full_card_api_validated,0.3468,B01-C032,output/first_edition_review_crops_clean/B02-C170__Base__50_102__Gastly.jpg,Unlimited,Pokemon Gastly 50/102 Base Unlimited MP,0.94,TCGPLAYER_MARKET,,,,0.66,TCG_API_REFERENCE_ESTIMATE_70_PERCENT_FOR_LP_MP,Pokemon Gastly 50/102 Base LP/MP,"Gastly 50/102 from Base.
Variant: Unlimited.
Condition estimate: LP/MP. See front and back photos for exact condition.
Raw card, not graded.",,
B02-C171,cards/binder_2/card_171_front.jpg,cards/binder_2/card_171_back.jpg,57/62,Zubat,Fossil,Common,LP/MP,MP,unlimited_confirmed,NO,NOT_APPLICABLE,YES,NO,HIGH,Manually checked; no 1st Edition stamp found. Treat as Unlimited.,,,bulk,NO,vision_full_card_api_validated,0.2946,B01-C032,output/first_edition_review_crops_clean/B02-C171__Fossil__57_62__Zubat.jpg,Unlimited,Pokemon Zubat 57/62 Fossil Unlimited MP,,NO_TCG_PRICE,,,,,NO_TCG_PRICE,Pokemon Zubat 57/62 Fossil LP/MP,"Zubat 57/62 from Fossil.
Variant: Unlimited.
Condition estimate: LP/MP. See front and back photos for exact condition.
Raw card, not graded.",,
B02-C172,cards/binder_2/card_172_front.jpg,cards/binder_2/card_172_back.jpg,47/102,Diglett,Base,Common,LP/MP,MP,base_unlimited_confirmed,NO,NO,YES,NO,HIGH,Base Unlimited confirmed; no Shadowless marker found.,,,bulk,NO,vision_full_card_api_validated,0.2346,B01-C032,output/first_edition_review_crops_clean/B02-C172__Base__47_102__Diglett.jpg,Unlimited,Pokemon Diglett 47/102 Base Unlimited MP,1.06,TCGPLAYER_MARKET,,,,0.74,TCG_API_REFERENCE_ESTIMATE_70_PERCENT_FOR_LP_MP,Pokemon Diglett 47/102 Base LP/MP,"Diglett 47/102 from Base.
Variant: Unlimited.
Condition estimate: LP/MP. See front and back photos for exact condition.
Raw card, not graded.",,
B02-C173,cards/binder_2/card_173_front.jpg,cards/binder_2/card_173_back.jpg,51/62,Krabby,Fossil,Common,LP/MP,MP,unlimited_confirmed,NO,NOT_APPLICABLE,YES,NO,HIGH,Manually checked; no 1st Edition stamp found. Treat as Unlimited.,,,bulk,NO,vision_full_card_api_validated,0.2126,B01-C032,output/first_edition_review_crops_clean/B02-C173__Fossil__51_62__Krabby.jpg,Unlimited,Pokemon Krabby 51/62 Fossil Unlimited MP,,NO_TCG_PRICE,,,,,NO_TCG_PRICE,Pokemon Krabby 51/62 Fossil LP/MP,"Krabby 51/62 from Fossil.
Variant: Unlimited.
Condition estimate: LP/MP. See front and back photos for exact condition.
Raw card, not graded.",,
B02-C174,cards/binder_2/card_174_front.jpg,cards/binder_2/card_174_back.jpg,50/102,Gastly,Base,Common,LP/MP,MP,base_unlimited_confirmed,NO,NO,YES,NO,HIGH,Base Unlimited confirmed; no Shadowless marker found.,,,bulk,NO,vision_full_card_api_validated,0.3281,B01-C032,output/first_edition_review_crops_clean/B02-C174__Base__50_102__Gastly.jpg,Unlimited,Pokemon Gastly 50/102 Base Unlimited MP,0.94,TCGPLAYER_MARKET,,,,0.66,TCG_API_REFERENCE_ESTIMATE_70_PERCENT_FOR_LP_MP,Pokemon Gastly 50/102 Base LP/MP,"Gastly 50/102 from Base.
Variant: Unlimited.
Condition estimate: LP/MP. See front and back photos for exact condition.
Raw card, not graded.",,
B02-C175,cards/binder_2/card_175_front.jpg,cards/binder_2/card_175_back.jpg,62/82,Meowth,Team Rocket,Common,LP/MP,MP,unlimited_confirmed,NO,NOT_APPLICABLE,YES,NO,HIGH,Manually checked; no 1st Edition stamp found. Treat as Unlimited.,,,bulk,NO,vision_full_card_api_validated,-0.0868,B01-C032,output/first_edition_review_crops_clean/B02-C175__Team Rocket__62_82__Meowth.jpg,Unlimited,Pokemon Meowth 62/82 Team Rocket Unlimited MP,,NO_TCG_PRICE,,,,,NO_TCG_PRICE,Pokemon Meowth 62/82 Team Rocket LP/MP,"Meowth 62/82 from Team Rocket.
Variant: Unlimited.
Condition estimate: LP/MP. See front and back photos for exact condition.
Raw card, not graded.",,
B02-C176,cards/binder_2/card_176_front.jpg,cards/binder_2/card_176_back.jpg,42/64,Persian,Jungle,Uncommon,LP/MP,MP,unlimited_confirmed,NO,NOT_APPLICABLE,YES,NO,HIGH,Manually checked; no 1st Edition stamp found. Treat as Unlimited.,,,bulk,NO,fixed_by_card_number_api,-0.0060,B01-C032,output/first_edition_review_crops_clean/B02-C176__Jungle__42_64__Persian.jpg,Unlimited,Pokemon Persian 42/64 Jungle Unlimited MP,,NO_TCG_PRICE,,,,,NO_TCG_PRICE,Pokemon Persian 42/64 Jungle LP/MP,"Persian 42/64 from Jungle.
Variant: Unlimited.
Condition estimate: LP/MP. See front and back photos for exact condition.
Raw card, not graded.",,
B02-C177,cards/binder_2/card_177_front.jpg,cards/binder_2/card_177_back.jpg,43/62,Slowbro,Fossil,Uncommon,LP/MP,MP,unlimited_confirmed,NO,NOT_APPLICABLE,YES,NO,HIGH,Manually checked; no 1st Edition stamp found. Treat as Unlimited.,,,bulk,NO,vision_full_card_api_validated,0.2839,B01-C032,output/first_edition_review_crops_clean/B02-C177__Fossil__43_62__Slowbro.jpg,Unlimited,Pokemon Slowbro 43/62 Fossil Unlimited MP,,NO_TCG_PRICE,,,,,NO_TCG_PRICE,Pokemon Slowbro 43/62 Fossil LP/MP,"Slowbro 43/62 from Fossil.
Variant: Unlimited.
Condition estimate: LP/MP. See front and back photos for exact condition.
Raw card, not graded.",,
B02-C178,cards/binder_2/card_178_front.jpg,cards/binder_2/card_178_back.jpg,64/102,Starmie,Base,Common,LP/MP,MP,base_unlimited_confirmed,NO,NO,YES,NO,HIGH,Base Unlimited confirmed; no Shadowless marker found.,,,bulk,NO,vision_full_card_api_validated,0.1871,B01-C032,output/first_edition_review_crops_clean/B02-C178__Base__64_102__Starmie.jpg,Unlimited,Pokemon Starmie 64/102 Base Unlimited MP,0.74,TCGPLAYER_MARKET,,,,0.52,TCG_API_REFERENCE_ESTIMATE_70_PERCENT_FOR_LP_MP,Pokemon Starmie 64/102 Base LP/MP,"Starmie 64/102 from Base.
Variant: Unlimited.
Condition estimate: LP/MP. See front and back photos for exact condition.
Raw card, not graded.",,
B02-C179,cards/binder_2/card_179_front.jpg,cards/binder_2/card_179_back.jpg,56/62,Tentacool,Fossil,Common,LP/MP,MP,unlimited_confirmed,NO,NOT_APPLICABLE,YES,NO,HIGH,Manually checked; no 1st Edition stamp found. Treat as Unlimited.,,,bulk,NO,vision_full_card_api_validated,0.2299,B01-C057,output/first_edition_review_crops_clean/B02-C179__Fossil__56_62__Tentacool.jpg,Unlimited,Pokemon Tentacool 56/62 Fossil Unlimited MP,,NO_TCG_PRICE,,,,,NO_TCG_PRICE,Pokemon Tentacool 56/62 Fossil LP/MP,"Tentacool 56/62 from Fossil.
Variant: Unlimited.
Condition estimate: LP/MP. See front and back photos for exact condition.
Raw card, not graded.",,
B02-C180,cards/binder_2/card_180_front.jpg,cards/binder_2/card_180_back.jpg,55/62,Slowpoke,Fossil,Common,LP/MP,MP,first_edition_confirmed,YES,NOT_APPLICABLE,NO,NO,HIGH,Confirmed from top-100 first-edition review PDF; first 16 rows only.,,,single_or_1st_ed_group,NO,vision_full_card_api_validated,0.5876,B01-C110,output/first_edition_review_crops_clean/B02-C180__Fossil__55_62__Slowpoke.jpg,1st Edition,Pokemon Slowpoke 55/62 Fossil 1st Edition MP,,,0.73,1.46,2.49,1.49,APIFY_SOLD_COMPS_PRIORITY_CARD,Pokemon Slowpoke 55/62 Fossil 1st Edition LP/MP,"Slowpoke 55/62 from Fossil.
Variant: 1st Edition.
Condition estimate: LP/MP. See front and back photos for exact condition.
Raw card, not graded.",Pokemon TCG - Vintage WOTC - Fossil 1st Edition - Pick Your Card Singles: NM-MP || Fossil - Slowpoke 55/62 Pokemon Vintage WOTC English MP || Pokemon - Slowpoke 1st Edition Fossil 55/62 WOTC || Pokemon TCG Slowpoke Fossil Common 55/62 Unlimited || Pokémon TCG Slowpoke 55/62 Fossil 1st Edition Basic 50 HP Common Regular English || SLOWPOKE - 55/62 - Fossil - Pokemon Card -BC || Slowpoke 55/62 Common Fossil Pokemon Unlimited NM/M || Slowpoke 55/62 Fossil Regular MP || 1999 POKEMON FOSSIL 1ST EDITION SLOWPOKE #55/62 || 1999 POKEMON FOSSIL 1ST EDITION SLOWPOKE #55/62,0.73 | 0.99 | 0.99 | 1.00 | 1.00 | 1.00 | 1.95 | 1.99 | 2.49 | 2.49
B02-C181,cards/binder_2/card_181_front.jpg,cards/binder_2/card_181_back.jpg,69/82,Voltorb,Team Rocket,Common,LP/MP,MP,unlimited_confirmed,NO,NOT_APPLICABLE,YES,NO,HIGH,Manually checked; no 1st Edition stamp found. Treat as Unlimited.,,,bulk,NO,vision_full_card_api_validated,-0.1145,B01-C110,output/first_edition_review_crops_clean/B02-C181__Team Rocket__69_82__Voltorb.jpg,Unlimited,Pokemon Voltorb 69/82 Team Rocket Unlimited MP,,NO_TCG_PRICE,,,,,NO_TCG_PRICE,Pokemon Voltorb 69/82 Team Rocket LP/MP,"Voltorb 69/82 from Team Rocket.
Variant: Unlimited.
Condition estimate: LP/MP. See front and back photos for exact condition.
Raw card, not graded.",,
B02-C182,cards/binder_2/card_182_front.jpg,cards/binder_2/card_182_back.jpg,47/102,Diglett,Base,Common,LP/MP,MP,base_unlimited_confirmed,NO,NO,YES,NO,HIGH,Base Unlimited confirmed; no Shadowless marker found.,,,bulk,NO,vision_full_card_api_validated,0.1224,B01-C032,output/first_edition_review_crops_clean/B02-C182__Base__47_102__Diglett.jpg,Unlimited,Pokemon Diglett 47/102 Base Unlimited MP,1.06,TCGPLAYER_MARKET,,,,0.74,TCG_API_REFERENCE_ESTIMATE_70_PERCENT_FOR_LP_MP,Pokemon Diglett 47/102 Base LP/MP,"Diglett 47/102 from Base.
Variant: Unlimited.
Condition estimate: LP/MP. See front and back photos for exact condition.
Raw card, not graded.",,
B02-C183,cards/binder_2/card_183_front.jpg,cards/binder_2/card_183_back.jpg,50/62,Kabuto,Fossil,Common,LP/MP,MP,unlimited_confirmed,NO,NOT_APPLICABLE,YES,NO,HIGH,Manually checked; no 1st Edition stamp found. Treat as Unlimited.,,,bulk,NO,vision_full_card_api_validated,0.2267,B01-C032,output/first_edition_review_crops_clean/B02-C183__Fossil__50_62__Kabuto.jpg,Unlimited,Pokemon Kabuto 50/62 Fossil Unlimited MP,,NO_TCG_PRICE,,,,,NO_TCG_PRICE,Pokemon Kabuto 50/62 Fossil LP/MP,"Kabuto 50/62 from Fossil.
Variant: Unlimited.
Condition estimate: LP/MP. See front and back photos for exact condition.
Raw card, not graded.",,
B02-C184,cards/binder_2/card_184_front.jpg,cards/binder_2/card_184_back.jpg,49/132,Koga's Pidgey,Gym Challenge,Common,LP/MP,MP,unlimited_or_normal,NO,NOT_APPLICABLE,YES,NO,MEDIUM,No special 1st Edition/Shadowless variant expected.,,,bulk,NO,fixed_from_saved_vision_or_visual_confirmation,,,,Unlimited,Pokemon Koga's Pidgey 49/132 Gym Challenge Unlimited MP,,NO_TCG_PRICE,,,,,NO_TCG_PRICE,Pokemon Koga's Pidgey 49/132 Gym Challenge LP/MP,"Koga's Pidgey 49/132 from Gym Challenge.
Variant: Unlimited.
Condition estimate: LP/MP. See front and back photos for exact condition.
Raw card, not graded.",,
B02-C185,cards/binder_2/card_185_front.jpg,cards/binder_2/card_185_back.jpg,46/82,Dark Wartortle,Team Rocket,Uncommon,LP/MP,MP,unlimited_confirmed,NO,NOT_APPLICABLE,YES,NO,HIGH,Manually checked; no 1st Edition stamp found. Treat as Unlimited.,,,bulk,NO,fixed_by_card_number_api,0.1658,B01-C032,output/first_edition_review_crops_clean/B02-C185__Team Rocket__46_82__Dark Wartortle.jpg,Unlimited,Pokemon Dark Wartortle 46/82 Team Rocket Unlimited MP,,NO_TCG_PRICE,,,,,NO_TCG_PRICE,Pokemon Dark Wartortle 46/82 Team Rocket LP/MP,"Dark Wartortle 46/82 from Team Rocket.
Variant: Unlimited.
Condition estimate: LP/MP. See front and back photos for exact condition.
Raw card, not graded.",,
B02-C186,cards/binder_2/card_186_front.jpg,cards/binder_2/card_186_back.jpg,64/130,Weepinbell,Base Set 2,Uncommon,LP/MP,MP,unlimited_or_normal,NO,NOT_APPLICABLE,YES,NO,MEDIUM,No special 1st Edition/Shadowless variant expected.,,,bulk,NO,vision_full_card_api_validated,,,,Unlimited,Pokemon Weepinbell 64/130 Base Set 2 Unlimited MP,1.09,TCGPLAYER_MARKET,,,,0.76,TCG_API_REFERENCE_ESTIMATE_70_PERCENT_FOR_LP_MP,Pokemon Weepinbell 64/130 Base Set 2 LP/MP,"Weepinbell 64/130 from Base Set 2.
Variant: Unlimited.
Condition estimate: LP/MP. See front and back photos for exact condition.
Raw card, not graded.",,
B02-C187,cards/binder_2/card_187_front.jpg,cards/binder_2/card_187_back.jpg,45/64,Rhydon,Jungle,Uncommon,LP/MP,MP,unlimited_confirmed,NO,NOT_APPLICABLE,YES,NO,HIGH,Manually checked; no 1st Edition stamp found. Treat as Unlimited.,,,bulk,NO,vision_full_card_api_validated,0.1332,B01-C057,output/first_edition_review_crops_clean/B02-C187__Jungle__45_64__Rhydon.jpg,Unlimited,Pokemon Rhydon 45/64 Jungle Unlimited MP,,NO_TCG_PRICE,,,,,NO_TCG_PRICE,Pokemon Rhydon 45/64 Jungle LP/MP,"Rhydon 45/64 from Jungle.
Variant: Unlimited.
Condition estimate: LP/MP. See front and back photos for exact condition.
Raw card, not graded.",,
B02-C188,cards/binder_2/card_188_front.jpg,cards/binder_2/card_188_back.jpg,45/64,Rhydon,Jungle,Uncommon,LP/MP,MP,unlimited_confirmed,NO,NOT_APPLICABLE,YES,NO,HIGH,Manually checked; no 1st Edition stamp found. Treat as Unlimited.,,,bulk,NO,vision_full_card_api_validated,0.1596,B01-C032,output/first_edition_review_crops_clean/B02-C188__Jungle__45_64__Rhydon.jpg,Unlimited,Pokemon Rhydon 45/64 Jungle Unlimited MP,,NO_TCG_PRICE,,,,,NO_TCG_PRICE,Pokemon Rhydon 45/64 Jungle LP/MP,"Rhydon 45/64 from Jungle.
Variant: Unlimited.
Condition estimate: LP/MP. See front and back photos for exact condition.
Raw card, not graded.",,
B02-C189,cards/binder_2/card_189_front.jpg,cards/binder_2/card_189_back.jpg,41/82,Dark Muk,Team Rocket,Uncommon,LP/MP,MP,unlimited_confirmed,NO,NOT_APPLICABLE,YES,NO,HIGH,Manually checked; no 1st Edition stamp found. Treat as Unlimited.,,,bulk,NO,vision_full_card_api_validated,0.1790,B01-C032,output/first_edition_review_crops_clean/B02-C189__Team Rocket__41_82__Dark Muk.jpg,Unlimited,Pokemon Dark Muk 41/82 Team Rocket Unlimited MP,,NO_TCG_PRICE,,,,,NO_TCG_PRICE,Pokemon Dark Muk 41/82 Team Rocket LP/MP,"Dark Muk 41/82 from Team Rocket.
Variant: Unlimited.
Condition estimate: LP/MP. See front and back photos for exact condition.
Raw card, not graded.",,
B02-C190,cards/binder_2/card_190_front.jpg,cards/binder_2/card_190_back.jpg,48/62,Grimer,Fossil,Common,LP/MP,MP,unlimited_confirmed,NO,NOT_APPLICABLE,YES,NO,HIGH,Manually checked; no 1st Edition stamp found. Treat as Unlimited.,,,bulk,NO,vision_full_card_api_validated,0.3010,B01-C110,output/first_edition_review_crops_clean/B02-C190__Fossil__48_62__Grimer.jpg,Unlimited,Pokemon Grimer 48/62 Fossil Unlimited MP,,NO_TCG_PRICE,,,,,NO_TCG_PRICE,Pokemon Grimer 48/62 Fossil LP/MP,"Grimer 48/62 from Fossil.
Variant: Unlimited.
Condition estimate: LP/MP. See front and back photos for exact condition.
Raw card, not graded.",,
B02-C191,cards/binder_2/card_191_front.jpg,cards/binder_2/card_191_back.jpg,49/64,Bellsprout,Jungle,Common,LP/MP,MP,unlimited_confirmed,NO,NOT_APPLICABLE,YES,NO,HIGH,Manually checked; no 1st Edition stamp found. Treat as Unlimited.,,,bulk,NO,vision_full_card_api_validated,0.2719,B01-C057,output/first_edition_review_crops_clean/B02-C191__Jungle__49_64__Bellsprout.jpg,Unlimited,Pokemon Bellsprout 49/64 Jungle Unlimited MP,,NO_TCG_PRICE,,,,,NO_TCG_PRICE,Pokemon Bellsprout 49/64 Jungle LP/MP,"Bellsprout 49/64 from Jungle.
Variant: Unlimited.
Condition estimate: LP/MP. See front and back photos for exact condition.
Raw card, not graded.",,
B02-C192,cards/binder_2/card_192_front.jpg,cards/binder_2/card_192_back.jpg,69/82,Voltorb,Team Rocket,Common,LP/MP,MP,unlimited_confirmed,NO,NOT_APPLICABLE,YES,NO,HIGH,Manually checked; no 1st Edition stamp found. Treat as Unlimited.,,,bulk,NO,vision_full_card_api_validated,-0.1208,B01-C110,output/first_edition_review_crops_clean/B02-C192__Team Rocket__69_82__Voltorb.jpg,Unlimited,Pokemon Voltorb 69/82 Team Rocket Unlimited MP,,NO_TCG_PRICE,,,,,NO_TCG_PRICE,Pokemon Voltorb 69/82 Team Rocket LP/MP,"Voltorb 69/82 from Team Rocket.
Variant: Unlimited.
Condition estimate: LP/MP. See front and back photos for exact condition.
Raw card, not graded.",,
B02-C193,cards/binder_2/card_193_front.jpg,cards/binder_2/card_193_back.jpg,56/82,Ekans,Team Rocket,Common,LP/MP,MP,unlimited_confirmed,NO,NOT_APPLICABLE,YES,NO,HIGH,Manually checked; no 1st Edition stamp found. Treat as Unlimited.,,,bulk,NO,vision_full_card_api_validated,0.4091,B01-C032,output/first_edition_review_crops_clean/B02-C193__Team Rocket__56_82__Ekans.jpg,Unlimited,Pokemon Ekans 56/82 Team Rocket Unlimited MP,,NO_TCG_PRICE,,,,,NO_TCG_PRICE,Pokemon Ekans 56/82 Team Rocket LP/MP,"Ekans 56/82 from Team Rocket.
Variant: Unlimited.
Condition estimate: LP/MP. See front and back photos for exact condition.
Raw card, not graded.",,
B02-C194,cards/binder_2/card_194_front.jpg,cards/binder_2/card_194_back.jpg,45/64,Rhydon,Jungle,Uncommon,LP/MP,MP,unlimited_confirmed,NO,NOT_APPLICABLE,YES,NO,HIGH,Manually checked; no 1st Edition stamp found. Treat as Unlimited.,,,bulk,NO,vision_full_card_api_validated,0.1814,B01-C110,output/first_edition_review_crops_clean/B02-C194__Jungle__45_64__Rhydon.jpg,Unlimited,Pokemon Rhydon 45/64 Jungle Unlimited MP,,NO_TCG_PRICE,,,,,NO_TCG_PRICE,Pokemon Rhydon 45/64 Jungle LP/MP,"Rhydon 45/64 from Jungle.
Variant: Unlimited.
Condition estimate: LP/MP. See front and back photos for exact condition.
Raw card, not graded.",,
B02-C195,cards/binder_2/card_195_front.jpg,cards/binder_2/card_195_back.jpg,52/62,Omanyte,Fossil,Common,LP/MP,MP,unlimited_confirmed,NO,NOT_APPLICABLE,YES,NO,HIGH,Manually checked; no 1st Edition stamp found. Treat as Unlimited.,,,bulk,NO,vision_full_card_api_validated,0.2007,B01-C032,output/first_edition_review_crops_clean/B02-C195__Fossil__52_62__Omanyte.jpg,Unlimited,Pokemon Omanyte 52/62 Fossil Unlimited MP,,NO_TCG_PRICE,,,,,NO_TCG_PRICE,Pokemon Omanyte 52/62 Fossil LP/MP,"Omanyte 52/62 from Fossil.
Variant: Unlimited.
Condition estimate: LP/MP. See front and back photos for exact condition.
Raw card, not graded.",,
B02-C196,cards/binder_2/card_196_front.jpg,cards/binder_2/card_196_back.jpg,41/102,Seel,Base,Uncommon,LP/MP,MP,base_unlimited_confirmed,NO,NO,YES,NO,HIGH,Base Unlimited confirmed; no Shadowless marker found.,,,bulk,NO,vision_full_card_api_validated,0.2488,B01-C057,output/first_edition_review_crops_clean/B02-C196__Base__41_102__Seel.jpg,Unlimited,Pokemon Seel 41/102 Base Unlimited MP,1.20,TCGPLAYER_MARKET,,,,0.84,TCG_API_REFERENCE_ESTIMATE_70_PERCENT_FOR_LP_MP,Pokemon Seel 41/102 Base LP/MP,"Seel 41/102 from Base.
Variant: Unlimited.
Condition estimate: LP/MP. See front and back photos for exact condition.
Raw card, not graded.",,
B02-C197,cards/binder_2/card_197_front.jpg,cards/binder_2/card_197_back.jpg,40/82,Dark Machoke,Team Rocket,Uncommon,LP/MP,MP,unlimited_confirmed,NO,NOT_APPLICABLE,YES,NO,HIGH,Manually checked; no 1st Edition stamp found. Treat as Unlimited.,,,bulk,NO,fixed_by_card_number_api,0.0777,B01-C032,output/first_edition_review_crops_clean/B02-C197__Team Rocket__40_82__Dark Machoke.jpg,Unlimited,Pokemon Dark Machoke 40/82 Team Rocket Unlimited MP,,NO_TCG_PRICE,,,,,NO_TCG_PRICE,Pokemon Dark Machoke 40/82 Team Rocket LP/MP,"Dark Machoke 40/82 from Team Rocket.
Variant: Unlimited.
Condition estimate: LP/MP. See front and back photos for exact condition.
Raw card, not graded.",,
B02-C198,cards/binder_2/card_198_front.jpg,cards/binder_2/card_198_back.jpg,38/62,Kingler,Fossil,Uncommon,LP/MP,MP,unlimited_confirmed,NO,NOT_APPLICABLE,YES,NO,HIGH,Manually checked; no 1st Edition stamp found. Treat as Unlimited.,,,bulk,NO,vision_full_card_api_validated,0.1790,B01-C032,output/first_edition_review_crops_clean/B02-C198__Fossil__38_62__Kingler.jpg,Unlimited,Pokemon Kingler 38/62 Fossil Unlimited MP,,NO_TCG_PRICE,,,,,NO_TCG_PRICE,Pokemon Kingler 38/62 Fossil LP/MP,"Kingler 38/62 from Fossil.
Variant: Unlimited.
Condition estimate: LP/MP. See front and back photos for exact condition.
Raw card, not graded.",,
B02-C199,cards/binder_2/card_199_front.jpg,cards/binder_2/card_199_back.jpg,43/64,Primeape,Jungle,Uncommon,LP/MP,MP,unlimited_confirmed,NO,NOT_APPLICABLE,YES,NO,HIGH,Manually checked; no 1st Edition stamp found. Treat as Unlimited.,,,bulk,NO,vision_full_card_api_validated,0.2635,B01-C032,output/first_edition_review_crops_clean/B02-C199__Jungle__43_64__Primeape.jpg,Unlimited,Pokemon Primeape 43/64 Jungle Unlimited MP,,NO_TCG_PRICE,,,,,NO_TCG_PRICE,Pokemon Primeape 43/64 Jungle LP/MP,"Primeape 43/64 from Jungle.
Variant: Unlimited.
Condition estimate: LP/MP. See front and back photos for exact condition.
Raw card, not graded.",,
B02-C200,cards/binder_2/card_200_front.jpg,cards/binder_2/card_200_back.jpg,59/102,Poliwag,Base,Common,LP/MP,MP,base_unlimited_confirmed,NO,NO,YES,NO,HIGH,Base Unlimited confirmed; no Shadowless marker found.,,,bulk,NO,vision_full_card_api_validated,0.2391,B01-C110,output/first_edition_review_crops_clean/B02-C200__Base__59_102__Poliwag.jpg,Unlimited,Pokemon Poliwag 59/102 Base Unlimited MP,0.65,TCGPLAYER_MARKET,,,,0.45,TCG_API_REFERENCE_ESTIMATE_70_PERCENT_FOR_LP_MP,Pokemon Poliwag 59/102 Base LP/MP,"Poliwag 59/102 from Base.
Variant: Unlimited.
Condition estimate: LP/MP. See front and back photos for exact condition.
Raw card, not graded.",,
B02-C201,cards/binder_2/card_201_front.jpg,cards/binder_2/card_201_back.jpg,52/64,Exeggcute,Jungle,Common,LP/MP,MP,unlimited_confirmed,NO,NOT_APPLICABLE,YES,NO,HIGH,Manually checked; no 1st Edition stamp found. Treat as Unlimited.,,,bulk,NO,vision_full_card_api_validated,0.2142,B01-C032,output/first_edition_review_crops_clean/B02-C201__Jungle__52_64__Exeggcute.jpg,Unlimited,Pokemon Exeggcute 52/64 Jungle Unlimited MP,,NO_TCG_PRICE,,,,,NO_TCG_PRICE,Pokemon Exeggcute 52/64 Jungle LP/MP,"Exeggcute 52/64 from Jungle.
Variant: Unlimited.
Condition estimate: LP/MP. See front and back photos for exact condition.
Raw card, not graded.",,
B02-C202,cards/binder_2/card_202_front.jpg,cards/binder_2/card_202_back.jpg,61/102,Rattata,Base,Common,LP/MP,MP,base_unlimited_confirmed,NO,NO,YES,NO,HIGH,Base Unlimited confirmed; no Shadowless marker found.,,,bulk,NO,vision_full_card_api_validated,0.0002,B01-C057,output/first_edition_review_crops_clean/B02-C202__Base__61_102__Rattata.jpg,Unlimited,Pokemon Rattata 61/102 Base Unlimited MP,,,,,,,TCG_API_ERROR: 429 Client Error: Too Many Requests for url: https://api.pokemontcg.io/v2/cards?q=name%3A%22Rattata%22+set.id%3Abase1+number%3A61&pageSize=5,Pokemon Rattata 61/102 Base LP/MP,"Rattata 61/102 from Base.
Variant: Unlimited.
Condition estimate: LP/MP. See front and back photos for exact condition.
Raw card, not graded.",,
B02-C203,cards/binder_2/card_203_front.jpg,cards/binder_2/card_203_back.jpg,86/130,Pidgey,Base Set 2,Common,LP/MP,MP,unlimited_or_normal,NO,NOT_APPLICABLE,YES,NO,MEDIUM,No special 1st Edition/Shadowless variant expected.,,,bulk,NO,vision_full_card_api_validated,,,,Unlimited,Pokemon Pidgey 86/130 Base Set 2 Unlimited MP,0.77,TCGPLAYER_MARKET,,,,0.54,TCG_API_REFERENCE_ESTIMATE_70_PERCENT_FOR_LP_MP,Pokemon Pidgey 86/130 Base Set 2 LP/MP,"Pidgey 86/130 from Base Set 2.
Variant: Unlimited.
Condition estimate: LP/MP. See front and back photos for exact condition.
Raw card, not graded.",,
B02-C204,cards/binder_2/card_204_front.jpg,cards/binder_2/card_204_back.jpg,57/62,Zubat,Fossil,Common,LP/MP,MP,unlimited_confirmed,NO,NOT_APPLICABLE,YES,NO,HIGH,Manually checked; no 1st Edition stamp found. Treat as Unlimited.,,,bulk,NO,vision_full_card_api_validated,0.2631,B01-C110,output/first_edition_review_crops_clean/B02-C204__Fossil__57_62__Zubat.jpg,Unlimited,Pokemon Zubat 57/62 Fossil Unlimited MP,,,,,,,TCG_API_ERROR: 429 Client Error: Too Many Requests for url: https://api.pokemontcg.io/v2/cards?q=name%3A%22Zubat%22+set.id%3Abase3+number%3A57&pageSize=5,Pokemon Zubat 57/62 Fossil LP/MP,"Zubat 57/62 from Fossil.
Variant: Unlimited.
Condition estimate: LP/MP. See front and back photos for exact condition.
Raw card, not graded.",,
B02-C205,cards/binder_2/card_205_front.jpg,cards/binder_2/card_205_back.jpg,60/64,Pikachu,Jungle,Common,LP/MP,MP,unlimited_confirmed,NO,NOT_APPLICABLE,YES,NO,HIGH,Manually checked; no 1st Edition stamp found. Treat as Unlimited.,,,bulk,NO,vision_full_card_api_validated,-0.1141,B01-C032,output/first_edition_review_crops_clean/B02-C205__Jungle__60_64__Pikachu.jpg,Unlimited,Pokemon Pikachu 60/64 Jungle Unlimited MP,,NO_TCG_PRICE,,,,,NO_TCG_PRICE,Pokemon Pikachu 60/64 Jungle LP/MP,"Pikachu 60/64 from Jungle.
Variant: Unlimited.
Condition estimate: LP/MP. See front and back photos for exact condition.
Raw card, not graded.",,
B02-C206,cards/binder_2/card_206_front.jpg,cards/binder_2/card_206_back.jpg,57/62,Zubat,Fossil,Common,LP/MP,MP,unlimited_confirmed,NO,NOT_APPLICABLE,YES,NO,HIGH,Manually checked; no 1st Edition stamp found. Treat as Unlimited.,,,bulk,NO,fixed_from_saved_vision_or_visual_confirmation,0.2245,B01-C032,output/first_edition_review_crops_clean/B02-C206__Fossil__57_62__Zubat.jpg,Unlimited,Pokemon Zubat 57/62 Fossil Unlimited MP,,NO_TCG_PRICE,,,,,NO_TCG_PRICE,Pokemon Zubat 57/62 Fossil LP/MP,"Zubat 57/62 from Fossil.
Variant: Unlimited.
Condition estimate: LP/MP. See front and back photos for exact condition.
Raw card, not graded.",,
B02-C207,cards/binder_2/card_207_front.jpg,cards/binder_2/card_207_back.jpg,58/102,Pikachu,Base,Common,LP/MP,MP,base_unlimited_confirmed,NO,NO,YES,NO,HIGH,Base Unlimited confirmed; no Shadowless marker found.,,,single,NO,vision_full_card_api_validated,-0.0366,B01-C110,output/first_edition_review_crops_clean/B02-C207__Base__58_102__Pikachu.jpg,Unlimited,Pokemon Pikachu 58/102 Base Unlimited MP,10.39,TCGPLAYER_MARKET,,,,7.27,TCG_API_REFERENCE_ESTIMATE_70_PERCENT_FOR_LP_MP,Pokemon Pikachu 58/102 Base LP/MP,"Pikachu 58/102 from Base.
Variant: Unlimited.
Condition estimate: LP/MP. See front and back photos for exact condition.
Raw card, not graded.",,
B02-C208,cards/binder_2/card_208_front.jpg,cards/binder_2/card_208_back.jpg,49/62,Horsea,Fossil,Common,LP/MP,MP,unlimited_confirmed,NO,NOT_APPLICABLE,YES,NO,HIGH,Manually checked; no 1st Edition stamp found. Treat as Unlimited.,,,bulk,NO,vision_full_card_api_validated,0.2588,B01-C057,output/first_edition_review_crops_clean/B02-C208__Fossil__49_62__Horsea.jpg,Unlimited,Pokemon Horsea 49/62 Fossil Unlimited MP,,NO_TCG_PRICE,,,,,NO_TCG_PRICE,Pokemon Horsea 49/62 Fossil LP/MP,"Horsea 49/62 from Fossil.
Variant: Unlimited.
Condition estimate: LP/MP. See front and back photos for exact condition.
Raw card, not graded.",,
B02-C209,cards/binder_2/card_209_front.jpg,cards/binder_2/card_209_back.jpg,31/62,Arbok,Fossil,Uncommon,LP/MP,MP,unlimited_confirmed,NO,NOT_APPLICABLE,YES,NO,HIGH,Manually checked; no 1st Edition stamp found. Treat as Unlimited.,,,bulk,NO,vision_full_card_api_validated,0.3220,B01-C057,output/first_edition_review_crops_clean/B02-C209__Fossil__31_62__Arbok.jpg,Unlimited,Pokemon Arbok 31/62 Fossil Unlimited MP,,NO_TCG_PRICE,,,,,NO_TCG_PRICE,Pokemon Arbok 31/62 Fossil LP/MP,"Arbok 31/62 from Fossil.
Variant: Unlimited.
Condition estimate: LP/MP. See front and back photos for exact condition.
Raw card, not graded.",,
B02-C210,cards/binder_2/card_210_front.jpg,cards/binder_2/card_210_back.jpg,37/62,Graveler,Fossil,Uncommon,LP/MP,MP,unlimited_confirmed,NO,NOT_APPLICABLE,YES,NO,HIGH,Manually checked; no 1st Edition stamp found. Treat as Unlimited.,,,bulk,NO,fixed_from_saved_vision_or_visual_confirmation,0.2459,B01-C032,output/first_edition_review_crops_clean/B02-C210__Fossil__37_62__Graveler.jpg,Unlimited,Pokemon Graveler 37/62 Fossil Unlimited MP,,NO_TCG_PRICE,,,,,NO_TCG_PRICE,Pokemon Graveler 37/62 Fossil LP/MP,"Graveler 37/62 from Fossil.
Variant: Unlimited.
Condition estimate: LP/MP. See front and back photos for exact condition.
Raw card, not graded.",,
B02-C211,cards/binder_2/card_211_front.jpg,cards/binder_2/card_211_back.jpg,49/64,Bellsprout,Jungle,Common,LP/MP,MP,unlimited_confirmed,NO,NOT_APPLICABLE,YES,NO,HIGH,Manually checked; no 1st Edition stamp found. Treat as Unlimited.,,,bulk,NO,vision_full_card_api_validated,0.4371,B01-C032,output/first_edition_review_crops_clean/B02-C211__Jungle__49_64__Bellsprout.jpg,Unlimited,Pokemon Bellsprout 49/64 Jungle Unlimited MP,,NO_TCG_PRICE,,,,,NO_TCG_PRICE,Pokemon Bellsprout 49/64 Jungle LP/MP,"Bellsprout 49/64 from Jungle.
Variant: Unlimited.
Condition estimate: LP/MP. See front and back photos for exact condition.
Raw card, not graded.",,
B02-C212,cards/binder_2/card_212_front.jpg,cards/binder_2/card_212_back.jpg,38/62,Kingler,Fossil,Uncommon,LP/MP,MP,unlimited_confirmed,NO,NOT_APPLICABLE,YES,NO,HIGH,Manually checked; no 1st Edition stamp found. Treat as Unlimited.,,,bulk,NO,vision_full_card_api_validated,0.2362,B01-C032,output/first_edition_review_crops_clean/B02-C212__Fossil__38_62__Kingler.jpg,Unlimited,Pokemon Kingler 38/62 Fossil Unlimited MP,,NO_TCG_PRICE,,,,,NO_TCG_PRICE,Pokemon Kingler 38/62 Fossil LP/MP,"Kingler 38/62 from Fossil.
Variant: Unlimited.
Condition estimate: LP/MP. See front and back photos for exact condition.
Raw card, not graded.",,
B02-C213,cards/binder_2/card_213_front.jpg,cards/binder_2/card_213_back.jpg,52/62,Omanyte,Fossil,Common,LP/MP,MP,unlimited_confirmed,NO,NOT_APPLICABLE,YES,NO,HIGH,Manually checked; no 1st Edition stamp found. Treat as Unlimited.,,,bulk,NO,vision_full_card_api_validated,0.2607,B01-C032,output/first_edition_review_crops_clean/B02-C213__Fossil__52_62__Omanyte.jpg,Unlimited,Pokemon Omanyte 52/62 Fossil Unlimited MP,,NO_TCG_PRICE,,,,,NO_TCG_PRICE,Pokemon Omanyte 52/62 Fossil LP/MP,"Omanyte 52/62 from Fossil.
Variant: Unlimited.
Condition estimate: LP/MP. See front and back photos for exact condition.
Raw card, not graded.",,
B02-C214,cards/binder_2/card_214_front.jpg,cards/binder_2/card_214_back.jpg,53/64,Goldeen,Jungle,Common,LP/MP,MP,unlimited_confirmed,NO,NOT_APPLICABLE,YES,NO,HIGH,Manually checked; no 1st Edition stamp found. Treat as Unlimited.,,,bulk,NO,vision_full_card_api_validated,0.1956,B01-C032,output/first_edition_review_crops_clean/B02-C214__Jungle__53_64__Goldeen.jpg,Unlimited,Pokemon Goldeen 53/64 Jungle Unlimited MP,,NO_TCG_PRICE,,,,,NO_TCG_PRICE,Pokemon Goldeen 53/64 Jungle LP/MP,"Goldeen 53/64 from Jungle.
Variant: Unlimited.
Condition estimate: LP/MP. See front and back photos for exact condition.
Raw card, not graded.",,
B02-C215,cards/binder_2/card_215_front.jpg,cards/binder_2/card_215_back.jpg,50/62,Kabuto,Fossil,Common,LP/MP,MP,unlimited_confirmed,NO,NOT_APPLICABLE,YES,NO,HIGH,Manually checked; no 1st Edition stamp found. Treat as Unlimited.,,,bulk,NO,vision_full_card_api_validated,0.1240,B01-C032,output/first_edition_review_crops_clean/B02-C215__Fossil__50_62__Kabuto.jpg,Unlimited,Pokemon Kabuto 50/62 Fossil Unlimited MP,,NO_TCG_PRICE,,,,,NO_TCG_PRICE,Pokemon Kabuto 50/62 Fossil LP/MP,"Kabuto 50/62 from Fossil.
Variant: Unlimited.
Condition estimate: LP/MP. See front and back photos for exact condition.
Raw card, not graded.",,
B02-C216,cards/binder_2/card_216_front.jpg,cards/binder_2/card_216_back.jpg,57/102,Pidgey,Base,Common,LP/MP,MP,base_unlimited_confirmed,NO,NO,YES,NO,HIGH,Base Unlimited confirmed; no Shadowless marker found.,,,bulk,NO,vision_full_card_api_validated,-0.2779,B01-C032,output/first_edition_review_crops_clean/B02-C216__Base__57_102__Pidgey.jpg,Unlimited,Pokemon Pidgey 57/102 Base Unlimited MP,1.23,TCGPLAYER_MARKET,,,,0.86,TCG_API_REFERENCE_ESTIMATE_70_PERCENT_FOR_LP_MP,Pokemon Pidgey 57/102 Base LP/MP,"Pidgey 57/102 from Base.
Variant: Unlimited.
Condition estimate: LP/MP. See front and back photos for exact condition.
Raw card, not graded.",,
B02-C217,cards/binder_2/card_217_front.jpg,cards/binder_2/card_217_back.jpg,53/82,Dratini,Team Rocket,Common,LP/MP,MP,unlimited_confirmed,NO,NOT_APPLICABLE,YES,NO,HIGH,Manually checked; no 1st Edition stamp found. Treat as Unlimited.,,,bulk,NO,vision_full_card_api_validated,0.0080,B01-C057,output/first_edition_review_crops_clean/B02-C217__Team Rocket__53_82__Dratini.jpg,Unlimited,Pokemon Dratini 53/82 Team Rocket Unlimited MP,,NO_TCG_PRICE,,,,,NO_TCG_PRICE,Pokemon Dratini 53/82 Team Rocket LP/MP,"Dratini 53/82 from Team Rocket.
Variant: Unlimited.
Condition estimate: LP/MP. See front and back photos for exact condition.
Raw card, not graded.",,
B02-C218,cards/binder_2/card_218_front.jpg,cards/binder_2/card_218_back.jpg,35/64,Exeggutor,Jungle,Uncommon,LP/MP,MP,unlimited_confirmed,NO,NOT_APPLICABLE,YES,NO,HIGH,Manually checked; no 1st Edition stamp found. Treat as Unlimited.,,,bulk,NO,vision_full_card_api_validated,0.2713,B01-C032,output/first_edition_review_crops_clean/B02-C218__Jungle__35_64__Exeggutor.jpg,Unlimited,Pokemon Exeggutor 35/64 Jungle Unlimited MP,,NO_TCG_PRICE,,,,,NO_TCG_PRICE,Pokemon Exeggutor 35/64 Jungle LP/MP,"Exeggutor 35/64 from Jungle.
Variant: Unlimited.
Condition estimate: LP/MP. See front and back photos for exact condition.
Raw card, not graded.",,
B02-C219,cards/binder_2/card_219_front.jpg,cards/binder_2/card_219_back.jpg,52/64,Exeggcute,Jungle,Common,LP/MP,MP,unlimited_confirmed,NO,NOT_APPLICABLE,YES,NO,HIGH,Manually checked; no 1st Edition stamp found. Treat as Unlimited.,,,bulk,NO,vision_full_card_api_validated,0.2764,B01-C032,output/first_edition_review_crops_clean/B02-C219__Jungle__52_64__Exeggcute.jpg,Unlimited,Pokemon Exeggcute 52/64 Jungle Unlimited MP,,NO_TCG_PRICE,,,,,NO_TCG_PRICE,Pokemon Exeggcute 52/64 Jungle LP/MP,"Exeggcute 52/64 from Jungle.
Variant: Unlimited.
Condition estimate: LP/MP. See front and back photos for exact condition.
Raw card, not graded.",,
B02-C220,cards/binder_2/card_220_front.jpg,cards/binder_2/card_220_back.jpg,66/82,Rattata,Team Rocket,Common,LP/MP,MP,unlimited_confirmed,NO,NOT_APPLICABLE,YES,NO,HIGH,Manually checked; no 1st Edition stamp found. Treat as Unlimited.,,,bulk,NO,vision_full_card_api_validated,0.0062,B01-C032,output/first_edition_review_crops_clean/B02-C220__Team Rocket__66_82__Rattata.jpg,Unlimited,Pokemon Rattata 66/82 Team Rocket Unlimited MP,,NO_TCG_PRICE,,,,,NO_TCG_PRICE,Pokemon Rattata 66/82 Team Rocket LP/MP,"Rattata 66/82 from Team Rocket.
Variant: Unlimited.
Condition estimate: LP/MP. See front and back photos for exact condition.
Raw card, not graded.",,
B02-C221,cards/binder_2/card_221_front.jpg,cards/binder_2/card_221_back.jpg,62/64,Spearow,Jungle,Common,LP/MP,MP,unlimited_confirmed,NO,NOT_APPLICABLE,YES,NO,HIGH,Manually checked; no 1st Edition stamp found. Treat as Unlimited.,,,bulk,NO,vision_full_card_api_validated,-0.0727,B01-C032,output/first_edition_review_crops_clean/B02-C221__Jungle__62_64__Spearow.jpg,Unlimited,Pokemon Spearow 62/64 Jungle Unlimited MP,,NO_TCG_PRICE,,,,,NO_TCG_PRICE,Pokemon Spearow 62/64 Jungle LP/MP,"Spearow 62/64 from Jungle.
Variant: Unlimited.
Condition estimate: LP/MP. See front and back photos for exact condition.
Raw card, not graded.",,
B02-C222,cards/binder_2/card_222_front.jpg,cards/binder_2/card_222_back.jpg,57/64,Nidoran ♀,Jungle,Common,LP/MP,MP,unlimited_confirmed,NO,NOT_APPLICABLE,YES,NO,HIGH,Manually checked; no 1st Edition stamp found. Treat as Unlimited.,,,bulk,NO,fixed_by_card_number_api,0.3151,B01-C032,output/first_edition_review_crops_clean/B02-C222__Jungle__57_64__Nidoran _.jpg,Unlimited,Pokemon Nidoran ♀ 57/64 Jungle Unlimited MP,,NO_TCG_PRICE,,,,,NO_TCG_PRICE,Pokemon Nidoran ♀ 57/64 Jungle LP/MP,"Nidoran ♀ 57/64 from Jungle.
Variant: Unlimited.
Condition estimate: LP/MP. See front and back photos for exact condition.
Raw card, not graded.",,
B02-C223,cards/binder_2/card_223_front.jpg,cards/binder_2/card_223_back.jpg,35/62,Golduck,Fossil,Uncommon,LP/MP,MP,unlimited_confirmed,NO,NOT_APPLICABLE,YES,NO,HIGH,Manually checked; no 1st Edition stamp found. Treat as Unlimited.,,,bulk,NO,vision_full_card_api_validated,0.2971,B01-C057,output/first_edition_review_crops_clean/B02-C223__Fossil__35_62__Golduck.jpg,Unlimited,Pokemon Golduck 35/62 Fossil Unlimited MP,,NO_TCG_PRICE,,,,,NO_TCG_PRICE,Pokemon Golduck 35/62 Fossil LP/MP,"Golduck 35/62 from Fossil.
Variant: Unlimited.
Condition estimate: LP/MP. See front and back photos for exact condition.
Raw card, not graded.",,
B02-C224,cards/binder_2/card_224_front.jpg,cards/binder_2/card_224_back.jpg,46/75,Scyther,Neo Discovery,Uncommon,LP/MP,MP,first_edition_confirmed,YES,NOT_APPLICABLE,NO,NO,HIGH,Confirmed from top-100 first-edition review PDF; first 16 rows only.,,,single_or_1st_ed_group,NO,vision_full_card_api_validated,0.5247,B01-C032,output/first_edition_review_crops_clean/B02-C224__Neo Discovery__46_75__Scyther.jpg,1st Edition,Pokemon Scyther 46/75 Neo Discovery 1st Edition MP,,,0.99,1.07,1.25,1.49,APIFY_SOLD_COMPS_PRIORITY_CARD,Pokemon Scyther 46/75 Neo Discovery 1st Edition LP/MP,"Scyther 46/75 from Neo Discovery.
Variant: 1st Edition.
Condition estimate: LP/MP. See front and back photos for exact condition.
Raw card, not graded.","Neo Discovery #46/75 Scyther || Neo Discovery #46/75 Scyther || Pokemon Neo Discovery #46/75 Scyther NM || Pokémon 2001 Neo Discovery NM/M Choose Your Cards! || Unlimited Ed - 1995-2001 Vintage Pokemon Neo Discovery /75 ($2+ Order Required) || Neo Discovery, Pokemon Cards, Pokemon TCG || 2000 Pokemon Neo Discovery Set: Choose Your Card! || Scyther - Neo Discovery Unlimited 46/75 - Pokemon TCG (Vintage WoTC) - LP || 💥 Scyther 46/75 Pokemon Neo Discovery Unlimited Non Holo Vintage || Pokemon TCG Neo Discovery Set ""Pick Your Card"" Non Holo Vintage 2001 LP/NM",0.01 | 0.99 | 0.99 | 0.99 | 0.99 | 0.99 | 0.99 | 1.15 | 1.25 | 1.25
B02-C225,cards/binder_2/card_225_front.jpg,cards/binder_2/card_225_back.jpg,40/62,Omastar,Fossil,Uncommon,LP/MP,MP,first_edition_confirmed,YES,NOT_APPLICABLE,NO,NO,HIGH,Confirmed from top-100 first-edition review PDF; first 16 rows only.,,,single_or_1st_ed_group,NO,vision_full_card_api_validated,0.6130,B01-C032,output/first_edition_review_crops_clean/B02-C225__Fossil__40_62__Omastar.jpg,1st Edition,Pokemon Omastar 40/62 Fossil 1st Edition MP,,,0.73,1.27,1.72,1.49,APIFY_SOLD_COMPS_PRIORITY_CARD,Pokemon Omastar 40/62 Fossil 1st Edition LP/MP,"Omastar 40/62 from Fossil.
Variant: 1st Edition.
Condition estimate: LP/MP. See front and back photos for exact condition.
Raw card, not graded.",Pokemon TCG - Vintage WOTC - Fossil 1st Edition - Pick Your Card Singles: NM-MP || Omastar 40/62 - Pokemon Fossil || 1999 - Pokemon TCG - Fossil Set - Pick Your WOTC Card (s) - 1st Ed & Unlimited || Omastar 40/62 Uncommon Fossil Pokemon Near Mint || Omastar 40/62 Fossil 1st Edition Uncommon - NM || Omastar 40/62 - Pokemon Fossil 1 || Pokémon TCG Omastar Fossil 40/62 Regular Unlimited Uncommon || Omastar 40/62 Pokemon Card Fossil Uncommon 70 HP LP || Pokemon Omastar 40/62 Common (MP) || Pokemon TCG Fossil #40/62 Omastar,0.73 | 0.95 | 0.99 | 1.09 | 1.25 | 1.26 | 1.50 | 1.50 | 1.70 | 1.72
